subgroup,pollster,sponsors,startdate,enddate,samplesize,population,weight,influence,tracking,dem,rep,net,adjusted_dem,adjusted_rep,adjusted_net,url,createddate,timestamp,modeldate,multiversions,partisan,poll_id,question_id,date
All polls,The New York Times/Siena College,,9/8/2026,9/13/2026,1503.0, LV,1.682225,1.26361,,51.0,43.0,8.0,50.27296,42.59027,7.68269,https://www.nytimes.com/interactive/2026/09/15/polls/times-siena-poll-registered-voter-crosstabs.html,9/15/2026,23:00:38 29 Sep 2026,9/29/2026,,,901814,9018145,29sep2026
All polls,Emerson College,,9/21/2026,9/22/2026,1000.0, LV,1.282167,1.179206,,53.2,41.9,11.3,52.87714,42.35616,10.52098,https://emersoncollegepolling.com/september-2026-national-poll-democrats/,9/24/2026,23:00:38 29 Sep 2026,9/29/2026,,,901848,9018482,29sep2026
All polls,Echelon Insights,,9/17/2026,9/21/2026,1002.0, LV,1.242803,1.081946,,51.0,43.0,8.0,49.81993,40.52382,9.296112,https://echeloninsights.com/insights/september-2026-verified-voter-omnibus,9/24/2026,23:00:38 29 Sep 2026,9/29/2026,,,901847,9018473,29sep2026
All polls,Angus Reid Global,,9/19/2026,9/25/2026,1041.0, RV,1.092488,1.006266,,49.0,35.0,14.0,49.74105,36.99081,12.75024,https://angusreid.us/wp-content/uploads/2026/09/2026.09.28_Trump_Midterms.pdf,9/29/2026,23:00:38 29 Sep 2026,9/29/2026,,,901864,9018644,29sep2026
All polls,Marist University,NPR | PBS News,9/14/2026,9/15/2026,1280.0, RV,1.223617,0.9954216,,53.0,41.0,12.0,50.39027,40.89813,9.492142,https://maristpoll.marist.edu/polls/2026-midterm-elections-september-2026/,9/23/2026,23:00:38 29 Sep 2026,9/29/2026,,,901844,9018442,29sep2026
All polls,Beacon Research/Shaw & Company Research,FOX News,9/11/2026,9/14/2026,1211.0, RV,1.202957,0.9380977,,51.0,44.0,7.0,49.07741,42.40751,6.669903,https://www.foxnews.com/politics/fox-news-poll-squeezed-costs-frustrated-voters-turn-democrats,9/17/2026,23:00:38 29 Sep 2026,9/29/2026,,,901818,9018182,29sep2026
All polls,Cygnal,,9/1/2026,9/2/2026,1500.0, LV,1.483439,0.8853644,,51.0,42.0,9.0,49.96333,40.16633,9.797001,https://www.cygn.al/polls/september-2026-national-voter-trends-nvt-poll/,9/11/2026,23:00:38 29 Sep 2026,9/29/2026,,,901804,9018041,29sep2026
All polls,Hart Research Associates/Public Opinion Strategies,NBC News,9/11/2026,9/15/2026,1000.0, RV,1.117538,0.8701662,,51.0,47.0,4.0,49.61833,45.06536,4.552967,https://www.nbcnews.com/politics/2026-election/poll-voters-say-trump-hurt-economy-competitive-midterm-election-looms-rcna597868,9/21/2026,23:00:38 29 Sep 2026,9/29/2026,,,901830,9018302,29sep2026
All polls,Clarity Campaign Labs,,9/11/2026,9/16/2026,1046.0, LV,1.034436,0.8183929,,50.0,43.0,7.0,48.61919,41.91867,6.70052,https://www.claritycampaigns.com/clarity-omnibus-2026-september,9/29/2026,23:00:38 29 Sep 2026,9/29/2026,,,901865,9018653,29sep2026
All polls,Marquette University Law School,,9/2/2026,9/9/2026,581.0, LV,1.215731,0.8132787,,54.0,41.0,13.0,51.50988,39.43956,12.07032,https://law.marquette.edu/assets/community/poll/MLSPSC35/MLSPSC35Toplines_NationalItems.html#chances-will-vote,9/16/2026,23:00:38 29 Sep 2026,9/29/2026,,,901816,9018166,29sep2026
All polls,Rasmussen Reports,,9/10/2026,9/16/2026,1746.0, LV,0.9995071,0.7762854,,49.0,41.0,8.0,50.09195,40.78631,9.305641,https://www.rasmussenreports.com/public_content/politics/mood_of_america/generic_congressional_ballot_sep21,9/22/2026,23:00:38 29 Sep 2026,9/29/2026,,REP,901835,9018351,29sep2026
All polls,Emerson College/RealClear Opinion Research,Unite America,9/12/2026,9/15/2026,1500.0, RV,0.9308268,0.7431828,,36.5,28.6,7.9,39.72437,31.69596,8.02841,https://www.uniteamerica.org/articles/new-poll-voters-say-primaries-reward-partisan-bases-sideline-ordinary-voters#methodology,9/25/2026,23:00:38 29 Sep 2026,9/29/2026,,,901856,9018563,29sep2026
All polls,John Zogby Strategies,,9/15/2026,9/17/2026,1007.0, LV,0.90075,0.7399917,,48.0,42.0,6.0,47.97722,41.58836,6.388859,https://johnzogbystrategies.com/democratic-party-leads-republican-party-48-to-42-in-congressional-generic-ballot-as-race-heats-up/,9/18/2026,23:00:38 29 Sep 2026,9/29/2026,,,901824,9018241,29sep2026
All polls,RMG Research,Napolitan News Service,9/8/2026,9/15/2026,, LV,0.9147316,0.6865288,,52.0,46.0,6.0,52.35441,43.39907,8.955338,https://napolitannews.org/posts/generic-ballot-first-likely-voter-numbers-have-dems-ahead-6,9/18/2026,23:00:38 29 Sep 2026,9/29/2026,,,901822,9018222,29sep2026
All polls,Rasmussen Reports,,9/3/2026,9/9/2026,1905.0, LV,1.011041,0.6709036,,47.0,42.0,5.0,48.09195,41.78631,6.305641,https://www.rasmussenreports.com/platinum/political_tracking_crosstabs/september_2026/toplines/toplines_generic_congressional_ballot_september_3_and_6_9_2026,9/14/2026,23:00:38 29 Sep 2026,9/29/2026,,REP,901811,9018111,29sep2026
All polls,Verasight,Strength in Numbers,9/16/2026,9/21/2026,, LV,0.7711197,0.6675401,,52.0,42.0,10.0,50.17691,41.83598,8.340931,https://www.gelliottmorris.com/p/2026-09-23-september-strength-in-numbers-verasight-poll-release,9/23/2026,23:00:38 29 Sep 2026,9/29/2026,,,901845,9018455,29sep2026
All polls,Quantus Insights,,9/15/2026,9/18/2026,1389.0, LV,0.7914386,0.6578612,,50.3,41.7,8.599998,50.5044,41.23927,9.265129,https://drive.google.com/file/d/1NumWPeNKksenMrOIft_163UX1fZkJ9pQ/view,9/22/2026,23:00:38 29 Sep 2026,9/29/2026,,,901837,9018372,29sep2026
All polls,The Rainey Center,,9/10/2026,9/14/2026,1004.0, RV,0.8279331,0.6332518,,48.0,42.0,6.0,48.81645,41.57722,7.239227,https://www.raineycenter.org/polling/september-policy-survey-summary-of-findings,9/18/2026,23:00:38 29 Sep 2026,9/29/2026,,,901825,9018253,29sep2026
All polls,Quinnipiac University,,9/3/2026,9/6/2026,970.0, RV,0.963666,0.621426,,49.0,38.0,11.0,48.17017,38.71339,9.456779,https://poll.qu.edu/poll-release?releaseid=3965,9/11/2026,23:00:38 29 Sep 2026,9/29/2026,,,901803,9018032,29sep2026
All polls,CNN/SSRS,,9/16/2026,9/17/2026,867.0, RV,0.7113867,0.5972433,,49.0,41.0,8.0,48.84424,40.7323,8.111938,https://www.cnn.com/2026/09/23/politics/cnn-poll-donald-trump-economy-midterms-vis,9/23/2026,23:00:38 29 Sep 2026,9/29/2026,,,901843,9018433,29sep2026
All polls,McLaughlin & Associates,,9/16/2026,9/22/2026,1000.0, LV,0.6144031,0.5304223,,48.0,43.0,5.0,49.5128,41.18839,8.324409,https://mclaughlinonline.com/2026/09/24/national-monthly-september-2026/,9/25/2026,23:00:38 29 Sep 2026,9/29/2026,,,901855,9018551,29sep2026
All polls,Noble Predictive Insights,Center Square,8/12/2026,8/16/2026,2533.0, RV,1.45417,0.5104627,,47.0,42.0,5.0,47.90514,41.86185,6.043289,https://www.thecentersquare.com/polls/,8/24/2026,23:00:38 29 Sep 2026,9/29/2026,,,901748,9017482,29sep2026
All polls,Ipsos,Reuters,9/17/2026,9/20/2026,979.0, RV,0.515177,0.4430321,,43.0,35.0,8.0,47.97495,38.39795,9.577,https://www.ipsos.com/en-us/republicans-rating-trump-cost-living-declines,9/22/2026,23:00:38 29 Sep 2026,9/29/2026,,,901838,9018385,29sep2026
All polls,Focaldata,Financial Times,8/28/2026,9/2/2026,1837.0, LV,0.7970331,0.4325991,,52.0,45.0,7.0,51.14543,44.19669,6.948742,https://www.focaldata.com/blog/trump-approval-hits-record-low-as-democrats-extend-house-lead,9/7/2026,23:00:38 29 Sep 2026,9/29/2026,,,901793,9017936,29sep2026
All polls,YouGov,Economist,9/25/2026,9/28/2026,1003.0, LV,0.4245033,0.4245033,,53.0,38.0,15.0,54.95691,39.48661,15.4703,https://d3nkl3psvxxpe9.cloudfront.net/documents/econTabReport_CCphJ5Q.pdf,9/29/2026,23:00:38 29 Sep 2026,9/29/2026,,,901863,9018636,29sep2026
All polls,Morning Consult,,9/21/2026,9/27/2026,18786.0, LV,0.4228169,0.3990262,,50.27,42.81,7.459999,52.10125,42.22994,9.871311,https://pro-assets.morningconsult.com/wp-uploads/2026/09/MCPI-Midterm-Ballot.html,9/29/2026,23:00:38 29 Sep 2026,9/29/2026,,,901866,9018661,29sep2026
All polls,Emerson College,,8/16/2026,8/17/2026,1000.0, LV,1.150543,0.3850895,,50.7,43.0,7.700001,50.37714,43.45616,6.920979,https://emersoncollegepolling.com/august-2026-national-poll/,8/20/2026,23:00:38 29 Sep 2026,9/29/2026,,,901741,9017413,29sep2026
All polls,Cygnal,,8/6/2026,8/7/2026,1500.0, LV,1.407689,0.3756226,,48.8,41.9,6.899998,47.76332,40.06633,7.696991,https://www.cygn.al/wp-content/uploads/2026/08/24265-Cygnal-National-Aug26-NVT-Deck-Public.pdf,8/14/2026,23:00:38 29 Sep 2026,9/29/2026,,,901722,9017221,29sep2026
All polls,University of Massachusetts Department of Political Science/YouGov,,8/21/2026,8/26/2026,1000.0, A,0.7726432,0.3652814,,42.0,34.0,8.0,43.39254,35.51347,7.87907,https://www.umass.edu/poll/about/reports/2026-09-national-public-opinion-poll-0#toc-toplines,9/4/2026,23:00:38 29 Sep 2026,9/29/2026,,,901789,9017892,29sep2026
All polls,HarrisX,Harvard CAPS,8/26/2026,8/28/2026,, LV,0.7697828,0.358927,,49.0,51.0,-2.0,47.77025,46.766,1.00425,https://harvardharrispoll.com/assets/uploads/2026/08/HHP_Aug2026_KeyResults.pdf,9/3/2026,23:00:38 29 Sep 2026,9/29/2026,,,901786,9017866,29sep2026
All polls,Ipsos,Reuters,9/11/2026,9/14/2026,896.0, RV,0.4472905,0.3378735,,44.0,37.0,7.0,48.97495,40.39795,8.577,https://www.ipsos.com/en-us/reutersipsos-september-2026-survey,9/15/2026,23:00:38 29 Sep 2026,9/29/2026,,,901812,9018124,29sep2026
All polls,Echelon Insights,,8/13/2026,8/17/2026,1002.0, LV,1.095836,0.3364421,,50.0,45.0,5.0,48.81993,42.52382,6.296112,https://echeloninsights.com/hubfs/_Media%20for%20Insights%20Blog/August%202026%20Voter%20Omnibus%20Topline%20-%20External.pdf,8/19/2026,23:00:38 29 Sep 2026,9/29/2026,,,901737,9017373,29sep2026
All polls,Angus Reid Global,,8/8/2026,8/11/2026,1525.0, A,1.063066,0.3308127,,45.0,36.0,9.0,45.74105,37.99081,7.75024,https://angusreid.us/congressional-generic-ballot-democrats-lead-53-43/,8/27/2026,23:00:38 29 Sep 2026,9/29/2026,,,901768,9017682,29sep2026
All polls,YouGov,Economist,9/18/2026,9/21/2026,982.0, LV,0.3430477,0.300752,,52.0,38.0,14.0,53.95691,39.48661,14.4703,https://d3nkl3psvxxpe9.cloudfront.net/documents/econTabReport_5WiMaRX.pdf,9/22/2026,23:00:38 29 Sep 2026,9/29/2026,,,901831,9018315,29sep2026
All polls,Quantus Insights,,8/26/2026,8/28/2026,1200.0, LV,0.6362472,0.2982594,,49.7,42.8,6.900002,49.9044,42.33927,7.565128,https://quantusinsights.org/polling/f/new-survey-democrats-hold-the-midterm-advantage,8/31/2026,23:00:38 29 Sep 2026,9/29/2026,,,901775,9017752,29sep2026
All polls,Wave Polling,,8/7/2026,8/11/2026,1591.0, RV,0.9430873,0.2972295,,50.0,43.0,7.0,49.60158,42.59983,7.001751,https://wavepolling.com/results/2026-08-17-economic-costs-deportations/,9/1/2026,23:00:38 29 Sep 2026,9/29/2026,,,901776,9017762,29sep2026
All polls,Morning Consult,,9/14/2026,9/20/2026,18336.0, LV,0.3350469,0.2730941,,49.74,42.62,7.120003,51.57125,42.03994,9.531311,https://pro-assets.morningconsult.com/wp-uploads/2026/09/MCPI-Midterm-Ballot.html,9/22/2026,23:00:38 29 Sep 2026,9/29/2026,,,901841,9018411,29sep2026
All polls,YouGov,CBS News,9/8/2026,9/11/2026,1750.0, LV,0.35169,0.2481097,,54.0,46.0,8.0,55.95691,47.48661,8.470299,https://www.cbsnews.com/news/poll-trump-battleground-tracker-house-control-2026-midterm-elections/,9/13/2026,23:00:38 29 Sep 2026,9/29/2026,,,901806,9018062,29sep2026
All polls,The Bullfinch Group,,8/14/2026,8/17/2026,1000.0, RV,0.709769,0.2354626,,42.0,37.0,5.0,44.54018,40.587,3.953178,https://www.thebullfinchgroup.com/post/public-release-of-bullfinch-q3-nationwide-survey-4,8/19/2026,23:00:38 29 Sep 2026,9/29/2026,,,901736,9017366,29sep2026
All polls,Marquette University Law School,,7/22/2026,7/29/2026,572.0, LV,1.162552,0.2350599,,51.0,45.0,6.0,48.50988,43.43956,5.07032,https://law.marquette.edu/assets/community/poll/MLSPSC34/MLSPSC34Toplines_NationalItems.html#iran-war-cost,8/7/2026,23:00:38 29 Sep 2026,9/29/2026,,,901706,9017066,29sep2026
All polls,YouGov,Economist,9/11/2026,9/14/2026,1055.0, LV,0.3020456,0.2285963,,51.0,39.0,12.0,52.95691,40.48661,12.4703,https://d3nkl3psvxxpe9.cloudfront.net/documents/econTabReport_ZmVljW6.pdf,9/15/2026,23:00:38 29 Sep 2026,9/29/2026,,,901813,9018136,29sep2026
All polls,John Zogby Strategies,,8/4/2026,8/5/2026,1000.0, LV,0.8393556,0.2071116,,50.6,39.6,11.0,50.57722,39.18836,11.38886,https://johnzogbystrategies.com/lowest-trump-approval-ratings-maga-numbers-spell-major-trouble-for-midterm-prospects/,8/11/2026,23:00:38 29 Sep 2026,9/29/2026,,,901715,9017152,29sep2026
All polls,The Argument/Verasight,,7/20/2026,7/26/2026,3000.0, RV,1.190796,0.2028061,,54.0,46.0,8.0,50.74769,42.63861,8.109077,https://www.theargumentmag.com/p/americans-know-who-the-real-elite,7/29/2026,23:00:38 29 Sep 2026,9/29/2026,,,901684,9016842,29sep2026
All polls,Ipsos,Reuters,8/28/2026,8/31/2026,924.0, RV,0.3869059,0.1967086,,43.0,38.0,5.0,47.97495,41.39795,6.577,https://www.ipsos.com/en-us/cost-living-remains-top-mind-voters-heading-2026-midterms,9/1/2026,23:00:38 29 Sep 2026,9/29/2026,,,901778,9017785,29sep2026
All polls,Morning Consult,,9/7/2026,9/13/2026,18127.0, LV,0.2831853,0.194761,,49.07,43.34,5.73,50.90125,42.75994,8.141308,https://intel.morningconsult.com/mc-content/trackers/2026-midterm-election-generic-ballot-polls,9/17/2026,23:00:38 29 Sep 2026,9/29/2026,,,901820,9018201,29sep2026
All polls,Change Research,,8/8/2026,8/13/2026,2045.0, RV,0.6752903,0.1878333,,45.0,40.0,5.0,46.51202,40.51713,5.994888,https://portal.changeresearch.com/portal/projects/ad428f27-5089-4ecb-92b8-4720d909efaa,9/25/2026,23:00:38 29 Sep 2026,9/29/2026,,,901857,9018573,29sep2026
All polls,Focaldata,Financial Times,8/7/2026,8/11/2026,1857.0, LV,0.7152369,0.1837868,,51.0,45.0,6.0,50.14543,44.19669,5.948742,https://www.focaldata.com/blog/democrats-maintain-lead-three-months-out-from-midterms,8/16/2026,23:00:38 29 Sep 2026,9/29/2026,,,901724,9017246,29sep2026
All polls,Verasight,Strength in Numbers,8/14/2026,8/19/2026,1378.0, RV,0.6134781,0.1759966,,49.0,43.0,6.0,47.17691,42.83598,4.340931,https://www.gelliottmorris.com/p/2026-08-25-august-strength-in-numbers-verasight-poll-release,8/26/2026,23:00:38 29 Sep 2026,9/29/2026,,,901765,9017654,29sep2026
All polls,Beacon Research/Shaw & Company Research,FOX News,7/17/2026,7/20/2026,1003.0, RV,1.118074,0.1737101,,53.0,46.0,7.0,51.07741,44.40751,6.669903,https://www.foxnews.com/politics/fox-news-poll-voters-want-major-change-amid-economic-political-discontent,7/23/2026,23:00:38 29 Sep 2026,9/29/2026,,,901663,9016632,29sep2026
All polls,YouGov,Economist,9/4/2026,9/8/2026,1019.0, LV,0.2714187,0.1725534,,49.0,38.0,11.0,50.95691,39.48661,11.4703,https://d3nkl3psvxxpe9.cloudfront.net/documents/econTabReport_SlcWdVd.pdf,9/9/2026,23:00:38 29 Sep 2026,9/29/2026,,,901798,9017984,29sep2026
All polls,RMG Research,Napolitan News Service,7/28/2026,8/4/2026,2000.0, RV,0.7707857,0.1664534,,47.0,45.0,2.0,47.35441,42.39907,4.955338,https://napolitannews.org/posts/dems-continue-to-lead-on-generic-ballot-strong-enthusiasm-edge,8/11/2026,23:00:38 29 Sep 2026,9/29/2026,,,901712,9017121,29sep2026
All polls,Emerson College,,7/19/2026,7/20/2026,1000.0, LV,1.121598,0.1612242,,52.9,41.5,11.4,52.57714,41.95616,10.62098,https://emersoncollegepolling.com/july-2026-national-poll-democrats-with-11-point-generic-ballot-advantage/,7/23/2026,23:00:38 29 Sep 2026,9/29/2026,,,901662,9016622,29sep2026
All polls,YouGov,Catawba College,9/4/2026,9/10/2026,779.0, LV,0.2455758,0.1604793,,49.0,38.0,11.0,50.95691,39.48661,11.4703,https://www.catawba.edu/news/all-news/2026/yougov-36/,9/18/2026,23:00:38 29 Sep 2026,9/29/2026,,,901826,9018262,29sep2026
All polls,Quinnipiac University,,7/23/2026,7/27/2026,963.0, RV,0.8737133,0.1593447,,48.0,41.0,7.0,47.17017,41.71339,5.456779,https://poll.qu.edu/poll-release?releaseid=3964,7/29/2026,23:00:38 29 Sep 2026,9/29/2026,,,901686,9016863,29sep2026
All polls,AlphaROC,Independent Center,8/8/2026,8/10/2026,1000.0, A,0.5614492,0.1574718,,41.0,37.3,3.700001,43.47021,39.13084,4.339371,https://independentcentervoice.com/insights/august-2026-national-survey-on-independent-candidates-and-the-2026-midterms-wave-3,8/14/2026,23:00:38 29 Sep 2026,9/29/2026,,,901723,9017232,29sep2026
All polls,McLaughlin & Associates,,8/14/2026,8/24/2026,1000.0, LV,0.504485,0.1544098,,48.0,43.0,5.0,49.5128,41.18839,8.324409,https://mclaughlinonline.com/pols/wp-content/uploads/2026/08/National-August-Presentation-RELEASE.pdf,8/26/2026,23:00:38 29 Sep 2026,9/29/2026,,,901766,9017661,29sep2026
All polls,Ipsos,Reuters,8/21/2026,8/24/2026,951.0, RV,0.3690065,0.1415766,,41.0,35.0,6.0,45.97495,38.39795,7.577,https://www.ipsos.com/en-us/americans-continue-expect-extended-us-military-involvement-iran,8/25/2026,23:00:38 29 Sep 2026,9/29/2026,,,901762,9017625,29sep2026
All polls,Pew Research Center,,7/6/2026,7/12/2026,2779.0, RV,1.36022,0.1407124,,43.0,37.0,6.0,44.39182,38.23986,6.151958,https://www.pewresearch.org/politics/2026/07/23/as-the-2026-midterms-approach-economy-is-front-and-center/,7/23/2026,23:00:38 29 Sep 2026,9/29/2026,,,901668,9016683,29sep2026
All polls,Morning Consult,,8/31/2026,9/6/2026,17739.0, LV,0.2501271,0.1398029,,49.26,43.04,6.219997,51.09124,42.45994,8.631298,https://intel.morningconsult.com/mc-content/trackers/2026-midterm-election-generic-ballot-polls,9/17/2026,23:00:38 29 Sep 2026,9/29/2026,,,901819,9018191,29sep2026
All polls,YouGov,Bowling Green State University,8/25/2026,9/1/2026,1200.0, LV,0.2830098,0.1383069,,51.0,44.0,7.0,52.95691,45.48661,7.470299,https://scholarworks.bgsu.edu/cgi/viewcontent.cgi?article=1024&context=depo,9/10/2026,23:00:38 29 Sep 2026,9/29/2026,,,901801,9018012,29sep2026
All polls,Clarity Campaign Labs,,7/17/2026,7/22/2026,1000.0, LV,0.9305977,0.1348445,,52.0,42.0,10.0,50.61919,40.91867,9.70052,https://www.claritycampaigns.com/clarity-omnibus-2026-july,7/29/2026,23:00:38 29 Sep 2026,9/29/2026,,,901687,9016873,29sep2026
All polls,J.L. Partners,Daily Mail,7/17/2026,7/20/2026,626.0, LV,0.8480929,0.134382,,50.0,41.0,9.0,50.01796,42.03605,7.981911,https://www.dailymail.com/news/us-politics/article-15991575/americans-brutal-verdict-trump-iran-war.html,7/23/2026,23:00:38 29 Sep 2026,9/29/2026,,,901665,9016652,29sep2026
All polls,GBAO,Third Way,7/15/2026,7/20/2026,1000.0, RV,0.9010341,0.1321719,,46.0,38.0,8.0,46.08323,38.78074,7.30249,https://www.thirdway.org/polling/proceed-with-caution-what-voters-want-from-technology-regulation,9/9/2026,23:00:38 29 Sep 2026,9/29/2026,,,901799,9017991,29sep2026
All polls,YouGov,Economist,8/28/2026,8/31/2026,1437.0, RV,0.2492823,0.1265797,,46.0,40.0,6.0,47.95691,41.48661,6.470299,https://d3nkl3psvxxpe9.cloudfront.net/documents/econTabReport_yVe1kKt.pdf,9/1/2026,23:00:38 29 Sep 2026,9/29/2026,,,901777,9017774,29sep2026
All polls,Quantus Insights,,8/3/2026,8/4/2026,1048.0, LV,0.6033571,0.125123,,49.0,42.6,6.400002,49.2044,42.13927,7.065128,https://quantusinsights.org/polling/f/latest-survey-democrats-hold-the-midterm-edge,8/7/2026,23:00:38 29 Sep 2026,9/29/2026,,,901707,9017072,29sep2026
All polls,CNN/SSRS,,7/23/2026,7/27/2026,914.0, RV,0.6784635,0.1214727,,47.0,39.0,8.0,46.84424,38.7323,8.111938,https://www.cnn.com/2026/07/30/politics/cnn-poll-midterm-generic-ballot-democrats-republicans-change,7/30/2026,23:00:38 29 Sep 2026,9/29/2026,,,901685,9016853,29sep2026
All polls,Survey160,,7/14/2026,7/20/2026,1518.0, RV,0.8615363,0.1157983,,48.0,38.0,10.0,48.14676,40.05308,8.093678,https://www.survey160.com/methodological-research-blog/july-2026-survey-160-tracking-poll,8/12/2026,23:00:38 29 Sep 2026,9/29/2026,,,901720,9017203,29sep2026
All polls,Ipsos,Reuters,7/29/2026,8/3/2026,3542.0, RV,0.5799321,0.1079738,,42.0,37.0,5.0,46.97495,40.39795,6.577,https://www.ipsos.com/en-us/reutersipsos-august-2026-poll,8/4/2026,23:00:38 29 Sep 2026,9/29/2026,,,901701,9017014,29sep2026
All polls,Morning Consult,,8/24/2026,8/30/2026,28429.0, RV,0.2300258,0.098067,,47.1,42.3,4.799999,48.93124,41.71994,7.2113,https://drive.google.com/file/d/1mz53nbxVmkDaSt2l6gfcGff3hiOikKPJ/view,9/1/2026,23:00:38 29 Sep 2026,9/29/2026,,,901781,9017811,29sep2026
All polls,Ipsos,Reuters,8/14/2026,8/17/2026,876.0, RV,0.3496986,0.0965257,,41.0,36.0,5.0,45.97495,39.39795,6.577,https://www.ipsos.com/en-us/reutersipsos-august-2026-poll-0,8/18/2026,23:00:38 29 Sep 2026,9/29/2026,,,901733,9017335,29sep2026
All polls,YouGov,Economist,8/21/2026,8/24/2026,1379.0, RV,0.2506315,0.0929672,,46.0,40.0,6.0,47.95691,41.48661,6.470299,https://d3nkl3psvxxpe9.cloudfront.net/documents/econTabReport_v7iliA1.pdf,8/25/2026,23:00:38 29 Sep 2026,9/29/2026,,,901761,9017616,29sep2026
All polls,Hart Research Associates/Public Opinion Strategies,CNBC,7/8/2026,7/12/2026,1000.0, RV,0.9936692,0.0927099,,49.0,45.0,4.0,47.61833,43.06536,4.552967,https://www.cnbc.com/2026/07/17/democratic-socialists-top-maga-candidates-all-america-poll.html,7/17/2026,23:00:38 29 Sep 2026,9/29/2026,,,901645,9016452,29sep2026
All polls,Manhattan Institute,,7/1/2026,7/6/2026,1221.0, LV,0.9914868,0.0883221,,47.0,43.0,4.0,47.13702,42.4693,4.667721,https://manhattan.institute/article/american-attitudes-on-welfare-waste-crime-and-the-political-environment,7/27/2026,23:00:38 29 Sep 2026,9/29/2026,,,901676,9016762,29sep2026
All polls,Zogby Analytics,,7/1/2026,7/4/2026,1003.0, LV,1.01932,0.0878725,,41.5,36.4,5.099998,43.13665,37.68752,5.449131,https://zogbyanalytics.com/images/ZA070626/Crosstabs%20Zogby%20Likely%20Voters%20070626.pdf,7/12/2026,23:00:38 29 Sep 2026,9/29/2026,,,901629,9016292,29sep2026
All polls,Cygnal,,6/30/2026,7/1/2026,1500.0, LV,1.304555,0.0845252,,49.9,43.8,6.100002,48.86333,41.96633,6.896999,https://www.cygn.al/wp-content/uploads/2026/07/24136-Cygnal-National-Jul-26-NVT-Deck-Public-1.pdf,7/8/2026,23:00:38 29 Sep 2026,9/29/2026,,,901621,9016211,29sep2026
All polls,Echelon Insights,,7/9/2026,7/13/2026,1004.0, LV,0.9513124,0.0803695,,50.0,44.0,6.0,48.81993,41.52382,7.296112,https://echeloninsights.com/hubfs/_Media%20for%20Insights%20Blog/July%202026%20Voter%20Omnibus%20Topline%20-%20External.pdf,7/15/2026,23:00:38 29 Sep 2026,9/29/2026,,,901636,9016362,29sep2026
All polls,RMG Research,Napolitan News Service,7/13/2026,7/14/2026,2000.0, RV,0.747261,0.0733636,,47.0,45.0,2.0,47.35441,42.39907,4.955338,https://napolitannews.org/posts/generic-ballot-dem-47-percent-gop-45-dems-still-have-healthy-enthusiasm-edge,7/15/2026,23:00:38 29 Sep 2026,9/29/2026,,,901638,9016381,29sep2026
All polls,Talker Research,Scripps News,6/25/2026,7/2/2026,2000.0, RV,0.9773859,0.0709932,,48.0,39.0,9.0,48.86442,40.45014,8.41428,https://www.scrippsnews.com/politics/scripps-news-poll-americans-excited-to-celebrate-july-4-but-divided-on-trumps-role,7/3/2026,23:00:38 29 Sep 2026,9/29/2026,,,901606,9016062,29sep2026
All polls,Rasmussen Reports,,6/24/2026,7/1/2026,2224.0, LV,1.194166,0.0707724,,46.0,42.0,4.0,47.09195,41.78631,5.305641,https://www.rasmussenreports.com/public_content/politics/mood_of_america/generic_congressional_ballot_july07?utm_campaign=RR07072026DN&utm_source=criticalimpact&utm_medium=email,7/8/2026,23:00:38 29 Sep 2026,9/29/2026,,REP,901620,9016201,29sep2026
All polls,YouGov,Economist,8/14/2026,8/17/2026,1450.0, RV,0.2659601,0.0673246,,46.0,39.0,7.0,47.95691,40.48661,7.470299,https://d3nkl3psvxxpe9.cloudfront.net/documents/econTabReport_ZMy1Zxu.pdf,8/18/2026,23:00:38 29 Sep 2026,9/29/2026,,,901729,9017294,29sep2026
All polls,Morning Consult,,8/17/2026,8/23/2026,30732.0, RV,0.2272431,0.0656673,,46.3,42.7,3.599998,48.13124,42.11994,6.011299,https://drive.google.com/file/d/1mz53nbxVmkDaSt2l6gfcGff3hiOikKPJ/view,9/1/2026,23:00:38 29 Sep 2026,9/29/2026,,,901780,9017801,29sep2026
All polls,Change Research,,7/13/2026,7/17/2026,2006.0, RV,0.5943558,0.0596027,,46.0,38.0,8.0,47.51202,38.51713,8.994888,https://portal.changeresearch.com/portal/projects/0bc92362-5cbd-4cb3-9ec4-8690c0780aad,7/23/2026,23:00:38 29 Sep 2026,9/29/2026,,,901667,9016672,29sep2026
All polls,AlphaROC,Independent Center,7/13/2026,7/14/2026,1000.0, A,0.5013837,0.059273,,42.1,37.3,4.799999,44.57021,39.13084,5.439369,https://independentcentervoice.com/insights/republicans-move-sharply-toward-independents-and-the-overall-market-holds,7/16/2026,23:00:38 29 Sep 2026,9/29/2026,,,901639,9016392,29sep2026
All polls,Focaldata,,7/14/2026,7/20/2026,2064.0, A,0.5079994,0.0573552,,44.0,36.0,8.0,43.14543,35.19669,7.948742,https://www.focaldata.com/blog/focaldata---coinbase---clarity-act-and-crypto-attitudes-poll---july-2026,8/3/2026,23:00:38 29 Sep 2026,9/29/2026,,,901698,9016981,29sep2026
All polls,YouGov,Economist,8/7/2026,8/10/2026,1420.0, RV,0.2686328,0.0557739,,46.0,40.0,6.0,47.95691,41.48661,6.470299,https://d3nkl3psvxxpe9.cloudfront.net/documents/econTabReport_pKJG0WT.pdf,8/11/2026,23:00:38 29 Sep 2026,9/29/2026,,,901716,9017164,29sep2026
All polls,Verasight,Strength in Numbers,7/14/2026,7/17/2026,1432.0, RV,0.5426174,0.0535485,,50.0,43.0,7.0,48.17691,42.83598,5.340931,https://www.gelliottmorris.com/p/poll,7/21/2026,23:00:38 29 Sep 2026,9/29/2026,,,901660,9016604,29sep2026
All polls,J.L. Partners,Daily Mail,6/24/2026,6/26/2026,625.0, LV,0.857477,0.0516714,,50.0,42.0,8.0,50.01796,43.03605,6.981911,https://www.dailymail.com/news/article-15945873/The-scorching-midterm-election-poll-shows-blue-wave-cresting-Republicans.html?ico=authors_pagination_desktop,7/6/2026,23:00:38 29 Sep 2026,9/29/2026,,,901612,9016121,29sep2026
All polls,Ipsos,Reuters,7/24/2026,7/26/2026,1003.0, RV,0.352187,0.0503906,,40.0,38.0,2.0,44.97495,41.39795,3.577,https://www.ipsos.com/en-us/americans-unimpressed-ideas-both-major-parties,7/28/2026,23:00:38 29 Sep 2026,9/29/2026,,,901677,9016775,29sep2026
All polls,Morning Consult,,8/10/2026,8/16/2026,29685.0, RV,0.214619,0.0476834,,46.2,42.3,3.900002,48.03125,41.71994,6.31131,https://pro-assets.morningconsult.com/wp-uploads/2026/08/MCPI-PI-Weekly.html,8/18/2026,23:00:38 29 Sep 2026,9/29/2026,,,901734,9017341,29sep2026
All polls,McLaughlin & Associates,,7/15/2026,7/21/2026,1000.0, LV,0.4487152,0.0461891,,46.0,44.0,2.0,47.5128,42.18839,5.324409,https://mclaughlinonline.com/2026/07/24/national-monthly-july-2026/,7/24/2026,23:00:38 29 Sep 2026,9/29/2026,,,901672,9016721,29sep2026
All polls,YouGov,Economist,7/31/2026,8/3/2026,1473.0, RV,0.2691585,0.0461139,,46.0,42.0,4.0,47.95691,43.48661,4.470299,https://d3nkl3psvxxpe9.cloudfront.net/documents/econTabReport_mjKhx0z.pdf,8/4/2026,23:00:38 29 Sep 2026,9/29/2026,,,901700,9017004,29sep2026
All polls,AlphaROC,Independent Center,6/27/2026,6/28/2026,1000.0, RV,0.6399576,0.041768,,43.1,36.5,6.599998,45.57021,38.33084,7.239368,https://independentcentervoice.com/insights/june-2026-national-survey-on-independent-candidates,7/3/2026,23:00:38 29 Sep 2026,9/29/2026,,,901605,9016052,29sep2026
All polls,HarrisX,Harvard CAPS,7/11/2026,7/12/2026,, LV,0.5141463,0.0400403,,51.0,49.0,2.0,49.77025,44.766,5.00425,https://harvardharrispoll.com/assets/uploads/2026/07/July2026_HHP_TOPLINE.pdf,7/15/2026,23:00:38 29 Sep 2026,9/29/2026,,,901637,9016376,29sep2026
All polls,Quinnipiac University,,6/18/2026,6/22/2026,1165.0, RV,0.9100843,0.0385309,,49.0,42.0,7.0,48.17017,42.71339,5.456779,https://poll.qu.edu/poll-release?releaseid=3961,6/24/2026,23:00:38 29 Sep 2026,9/29/2026,,,901581,9015813,29sep2026
All polls,Morning Consult,,8/3/2026,8/9/2026,29719.0, RV,0.2065741,0.0384006,,46.5,42.4,4.099998,48.33125,41.81994,6.511311,https://pro-assets.morningconsult.com/wp-uploads/2026/08/MCPI-Midterm-Ballot.html,8/18/2026,23:00:38 29 Sep 2026,9/29/2026,,,901732,9017321,29sep2026
All polls,Quantus Insights,,7/3/2026,7/7/2026,1140.0, LV,0.5689647,0.0372726,,47.1,42.3,4.799999,47.3044,41.83927,5.46513,https://quantusinsights.org/polling/f/trump-approval-and-wrong-track-majority-gives-democrats-2026-edge,7/9/2026,23:00:38 29 Sep 2026,9/29/2026,,,901623,9016232,29sep2026
All polls,YouGov,Economist,7/25/2026,7/27/2026,1407.0, RV,0.2570637,0.0354397,,46.0,42.0,4.0,47.95691,43.48661,4.470299,https://d3nkl3psvxxpe9.cloudfront.net/documents/econTabReport_0t0YpHo.pdf,7/28/2026,23:00:38 29 Sep 2026,9/29/2026,,,901678,9016786,29sep2026
All polls,Echelon Insights,,6/18/2026,6/22/2026,1003.0, LV,0.8700695,0.0340972,,51.0,45.0,6.0,49.81993,42.52382,7.296112,https://echeloninsights.com/hubfs/_Media%20for%20Insights%20Blog/Echelon%20Insights%20America%20250%20Survey%20Topline%20-%20External.pdf,6/24/2026,23:00:38 29 Sep 2026,9/29/2026,,,901578,9015782,29sep2026
All polls,HarrisX,2Way,7/9/2026,7/10/2026,787.0, LV,0.4589489,0.0332761,,51.0,49.0,2.0,49.77025,44.766,5.00425,https://www.harrisx.com/content/july-2026-nato-summit-survey-findings-crosstabs,7/11/2026,23:00:38 29 Sep 2026,9/29/2026,,,901628,9016288,29sep2026
All polls,YouGov,CBS News,7/22/2026,7/24/2026,1474.0, RV,0.2594401,0.0319175,,47.0,40.0,7.0,48.95691,41.48661,7.470299,https://www.cbsnews.com/news/cbs-poll-analysis-cost-of-living-democrats-republicans/,7/31/2026,23:00:38 29 Sep 2026,9/29/2026,,,901693,9016931,29sep2026
All polls,Marquette University Law School,,6/9/2026,6/15/2026,827.0, LV,1.291198,0.031564,,53.0,45.0,8.0,50.50988,43.43956,7.07032,https://law.marquette.edu/poll/2026/06/24/detailed-results-of-the-marquette-law-school-supreme-court-poll-july-9-15-2026/,6/25/2026,23:00:38 29 Sep 2026,9/29/2026,,,901579,9015795,29sep2026
All polls,Ipsos,The Washington Post,7/8/2026,7/13/2026,2092.0, RV,0.4594064,0.0309112,,48.0,45.0,3.0,52.97495,48.39795,4.577,https://www.washingtonpost.com/politics/2026/07/18/democrats-have-slim-lead-race-house-washington-post-ipsos-poll-finds/,7/20/2026,23:00:38 29 Sep 2026,9/29/2026,,,901640,9016404,29sep2026
All polls,Morning Consult,,7/27/2026,8/2/2026,29168.0, RV,0.1957049,0.0298315,,46.2,42.1,4.100002,48.03125,41.51994,6.511311,https://pro-assets.morningconsult.com/wp-uploads/2026/08/MCPI-Midterm-Ballot.html,8/6/2026,23:00:38 29 Sep 2026,9/29/2026,,,901705,9017051,29sep2026
All polls,Focaldata,Financial Times,6/26/2026,6/30/2026,1795.0, RV,0.5763942,0.0297557,,49.0,42.0,7.0,48.14543,41.19669,6.948742,https://www.focaldata.com/blog/ossoffism-and-the-gops-elite-problem,7/6/2026,23:00:38 29 Sep 2026,9/29/2026,,,901610,9016104,29sep2026
All polls,YouGov,Economist,7/17/2026,7/20/2026,1432.0, RV,0.256289,0.0261101,,46.0,41.0,5.0,47.95691,42.48661,5.470299,https://d3nkl3psvxxpe9.cloudfront.net/documents/econTabReport_ESdiNMa.pdf,7/21/2026,23:00:38 29 Sep 2026,9/29/2026,,,901658,9016586,29sep2026
All polls,Morning Consult,Cato Institute,8/13/2026,8/16/2026,4150.0, RV,0.0992523,0.0230605,,47.0,42.0,5.0,48.83125,41.41994,7.411308,https://www.cato.org/sites/cato.org/files/2026-09/Cato%202026%20Fall%20and%20Spring%20Trade%20Survey%20Toplines%3AMethodology_0.pdf,9/21/2026,23:00:38 29 Sep 2026,9/29/2026,,,901829,9018293,29sep2026
All polls,Morning Consult,,7/20/2026,7/26/2026,30228.0, RV,0.1894443,0.0225867,,45.7,42.7,3.0,47.53125,42.11994,5.411308,https://pro-assets.morningconsult.com/wp-uploads/2026/07/MCPI-Midterm-Ballot_260727.html,7/29/2026,23:00:38 29 Sep 2026,9/29/2026,,,901682,9016821,29sep2026
All polls,Echelon Insights,,6/11/2026,6/14/2026,1012.0, LV,0.8676574,0.0199062,,50.0,44.0,6.0,48.81993,41.52382,7.296112,https://echeloninsights.com/hubfs/_Media%20for%20Insights%20Blog/June%202026%20Voter%20Omnibus%20Topline%20-%20External.pdf,6/17/2026,23:00:38 29 Sep 2026,9/29/2026,,,901559,9015593,29sep2026
All polls,Verasight,Strength in Numbers,6/17/2026,6/22/2026,1896.0, RV,0.5301914,0.0185636,,50.0,43.0,7.0,48.17691,42.83598,5.340931,https://www.gelliottmorris.com/p/2026-06-24-june-strength-in-numbers-verasight-poll,6/24/2026,23:00:38 29 Sep 2026,9/29/2026,,,901580,9015804,29sep2026
All polls,YouGov,Economist,7/10/2026,7/13/2026,1450.0, RV,0.2571388,0.0165097,,46.0,42.0,4.0,47.95691,43.48661,4.470299,https://d3nkl3psvxxpe9.cloudfront.net/documents/econTabReport_ie0SzVb.pdf,7/14/2026,23:00:38 29 Sep 2026,9/29/2026,,,901633,9016335,29sep2026
All polls,The Bullfinch Group,Independent Center,6/12/2026,6/16/2026,1000.0, RV,0.5858363,0.0162666,,44.0,36.0,8.0,46.54018,39.587,6.953178,https://independentcentervoice.com/insights/the-local-antidote-how-stepping-away-from-national-screens-unites-americans,6/19/2026,23:00:38 29 Sep 2026,9/29/2026,,,901569,9015696,29sep2026
All polls,Quantus Insights,,6/16/2026,6/17/2026,1000.0, LV,0.5195438,0.0161083,,47.0,43.0,4.0,47.2044,42.53927,4.665131,https://polls.quantusinsights.org/polls/national-approval-june-17?tab=toplines,6/19/2026,23:00:38 29 Sep 2026,9/29/2026,,,901566,9015662,29sep2026
All polls,Morning Consult,,7/13/2026,7/19/2026,30070.0, RV,0.1825365,0.0153994,,45.7,42.7,3.0,47.53125,42.11994,5.411308,https://pro-assets.morningconsult.com/wp-uploads/2026/08/MCPI-PI-Weekly.html,8/24/2026,23:00:38 29 Sep 2026,9/29/2026,,,901758,9017581,29sep2026
All polls,Emerson College,,6/7/2026,6/8/2026,1200.0, LV,1.10632,0.0134118,,50.3,39.5,10.8,49.97714,39.95616,10.02098,https://emersoncollegepolling.com/june-2026/,6/11/2026,23:00:38 29 Sep 2026,9/29/2026,,,901541,9015412,29sep2026
All polls,YouGov,Economist,7/3/2026,7/6/2026,1443.0, RV,0.254729,0.0130455,,46.0,43.0,3.0,47.95691,44.48661,3.470299,https://d3nkl3psvxxpe9.cloudfront.net/documents/econTabReport_Qxo6bev.pdf,7/7/2026,23:00:38 29 Sep 2026,9/29/2026,,,901614,9016144,29sep2026
All polls,McLaughlin & Associates,,6/17/2026,6/23/2026,1000.0, LV,0.3910433,0.0124178,,46.0,43.0,3.0,47.5128,41.18839,6.324409,https://mclaughlinonline.com/pols/wp-content/uploads/2026/06/National-June-Presentation-RELEASE-June-2026.pdf,6/26/2026,23:00:38 29 Sep 2026,9/29/2026,,,901590,9015901,29sep2026
All polls,Change Research,,6/10/2026,6/17/2026,1714.0, RV,0.5439327,0.0114695,,43.0,38.0,5.0,44.51202,38.51713,5.994888,https://portal.changeresearch.com/portal/projects/92fca10b-bc07-4b9c-9d7b-f281ec087a74,7/23/2026,23:00:38 29 Sep 2026,9/29/2026,,,901666,9016662,29sep2026
All polls,Morning Consult,,7/6/2026,7/12/2026,30858.0, RV,0.1790828,0.0103054,,45.5,42.8,2.700001,47.33125,42.21994,5.111309,https://pro-assets.morningconsult.com/wp-uploads/2026/08/MCPI-PI-Weekly.html,8/24/2026,23:00:38 29 Sep 2026,9/29/2026,,,901749,9017491,29sep2026
All polls,YouGov,Economist,6/26/2026,6/29/2026,1428.0, RV,0.2493714,0.0101337,,45.0,42.0,3.0,46.95691,43.48661,3.470299,https://d3nkl3psvxxpe9.cloudfront.net/documents/econTabReport_1tbbxVr.pdf,6/30/2026,23:00:38 29 Sep 2026,9/29/2026,,,901596,9015966,29sep2026
All polls,Ipsos,Reuters,6/18/2026,6/22/2026,978.0, RV,0.3231046,0.0099713,,41.0,36.0,5.0,45.97495,39.39795,6.577,https://www.ipsos.com/en-us/few-expect-us-iran-preliminary-agreement-bring-lasting-peace,6/24/2026,23:00:38 29 Sep 2026,9/29/2026,,,901577,9015774,29sep2026
All polls,Morning Consult,,6/29/2026,7/5/2026,30997.0, RV,0.1754754,0.0081997,,45.4,42.1,3.300003,47.23125,41.51994,5.711311,https://pro-assets.morningconsult.com/wp-uploads/2026/07/MCPI-Midterm-Ballot_260706.html,7/7/2026,23:00:38 29 Sep 2026,9/29/2026,,,901617,9016171,29sep2026
All polls,YouGov,Economist,6/19/2026,6/22/2026,1517.0, RV,0.2491453,0.0074874,,45.0,43.0,2.0,46.95691,44.48661,2.470299,https://d3nkl3psvxxpe9.cloudfront.net/documents/econTabReport_v8p0Pe8.pdf,6/23/2026,23:00:38 29 Sep 2026,9/29/2026,,,901575,9015755,29sep2026
All polls,Ipsos,Reuters,6/12/2026,6/15/2026,1195.0, RV,0.3380069,0.0069381,,41.0,38.0,3.0,45.97495,41.39795,4.577,https://www.ipsos.com/en-us/reutersipsos-june-2026-poll-0,6/15/2026,23:00:38 29 Sep 2026,9/29/2026,,,901555,9015554,29sep2026
All polls,Morning Consult,,7/17/2026,7/19/2026,2203.0, RV,0.0649638,0.0061237,,46.0,43.0,3.0,47.83125,42.41994,5.411308,https://intel.morningconsult.com/mc-content/trackers/donald-trump-congress-policy-republicans-polling,7/21/2026,23:00:38 29 Sep 2026,9/29/2026,,,901657,9016572,29sep2026
All polls,Morning Consult,,6/22/2026,6/28/2026,30337.0, RV,0.1710318,0.0061072,,45.5,42.4,3.099998,47.33125,41.81994,5.511311,https://pro-assets.morningconsult.com/wp-uploads/2026/07/MCPI-Midterm-Ballot_260701.html,7/2/2026,23:00:38 29 Sep 2026,9/29/2026,,,901600,9016001,29sep2026
All polls,Research Co.,,6/4/2026,6/6/2026,1001.0, A,0.8606199,0.0048728,,38.0,33.0,5.0,40.4579,35.35445,5.103451,https://researchco.ca/2026/06/15/uspoli-june2026/,6/15/2026,23:00:38 29 Sep 2026,9/29/2026,,,901554,9015542,29sep2026
All polls,YouGov,Economist,6/13/2026,6/15/2026,1403.0, RV,0.2339402,0.004402,,46.0,44.0,2.0,47.95691,45.48661,2.470299,https://d3nkl3psvxxpe9.cloudfront.net/documents/econTabReport_GpnDRNm.pdf,6/16/2026,23:00:38 29 Sep 2026,9/29/2026,,,901557,9015575,29sep2026
All polls,Morning Consult,,6/15/2026,6/21/2026,29540.0, RV,0.168524,0.0041025,,45.6,42.0,3.599998,47.43124,41.41994,6.011299,https://pro-assets.morningconsult.com/wp-uploads/2026/06/MCPI-Midterm-Ballot_260622.html,6/25/2026,23:00:38 29 Sep 2026,9/29/2026,,,901585,9015851,29sep2026
All polls,Morning Consult,,7/10/2026,7/13/2026,2201.0, RV,0.0633512,0.0040334,,46.0,43.0,3.0,47.83125,42.41994,5.411308,https://drive.google.com/file/d/1cggsijQl76RMmlpuDL991Z3uyHfXfiZh/view,7/14/2026,23:00:38 29 Sep 2026,9/29/2026,,,901634,9016342,29sep2026
All polls,Ipsos,Reuters,6/3/2026,6/8/2026,3578.0, RV,0.505128,0.0029022,,41.0,37.0,4.0,45.97495,40.39795,5.577,https://www.ipsos.com/en-us/reutersipsos-june-2026-poll,6/8/2026,23:00:38 29 Sep 2026,9/29/2026,,,901524,9015245,29sep2026
All polls,Morning Consult,,6/26/2026,6/28/2026,2202.0, RV,0.0601323,0.0023396,,46.0,42.0,4.0,47.83125,41.41994,6.411308,https://drive.google.com/file/d/1r9X_-vXE-Kkv1lXR5cu1KtWd-LAEMSJW/view,6/29/2026,23:00:38 29 Sep 2026,9/29/2026,,,901594,9015942,29sep2026
All polls,Morning Consult,,6/8/2026,6/14/2026,28911.0, RV,0.165007,0.0021425,,45.8,41.9,3.899998,47.63124,41.31994,6.311302,https://pro-assets.morningconsult.com/wp-uploads/2026/06/MCPI-Midterm-Ballot_260622.html,6/25/2026,23:00:38 29 Sep 2026,9/29/2026,,,901584,9015841,29sep2026
All polls,Morning Consult,Cato Institute,6/25/2026,6/26/2026,2253.0, A,0.050803,0.0018943,,45.0,39.0,6.0,46.83125,38.41994,8.411308,https://www.cato.org/sites/cato.org/files/2026-07/Cato%20Fourth%20of%20July%202026%20Survey%20Toplines.pdf,7/2/2026,23:00:38 29 Sep 2026,9/29/2026,,,901602,9016022,29sep2026
All polls,YouGov,Economist,6/5/2026,6/8/2026,1438.0, RV,0.2276079,0.0015899,,45.0,41.0,4.0,46.95691,42.48661,4.470299,https://d3nkl3psvxxpe9.cloudfront.net/documents/econTabReport_nvajahp.pdf,6/9/2026,23:00:38 29 Sep 2026,9/29/2026,,,901525,9015254,29sep2026
All polls,Morning Consult,,6/1/2026,6/7/2026,29264.0, RV,0.1623377,0.0002654,,45.8,41.9,3.899998,47.63124,41.31994,6.311302,https://intel.morningconsult.com/mc-content/trackers/2026-midterm-election-generic-ballot-polls,6/10/2026,23:00:38 29 Sep 2026,9/29/2026,,,901537,9015371,29sep2026
All polls,YouGov,The Economist,9/5/2025,9/8/2025,1487.0, RV,0.1912931,0.0,,44.0,40.0,4.0,45.95691,41.48661,4.470299,https://d3nkl3psvxxpe9.cloudfront.net/documents/econtoplines_7flqP0S.pdf,9/8/2025,23:00:38 29 Sep 2026,9/29/2026,,,90614,222533,29sep2026
All polls,Public Religion Research Institute,"Brookings Institute, Carnegie Corporation of New York, Ford Foundation, Unitarian Universalist Veatch Program at Shelter Rock",8/15/2025,9/8/2025,5543.0, A,1.49832,0.0,,33.0,30.0,3.0,36.66075,33.54376,3.116993,https://prri.org/research/trumps-unprecedented-actions-deepen-asymmetric-divides/,11/13/2025,23:00:38 29 Sep 2026,9/29/2026,,,900816,907721,29sep2026
All polls,Echelon Insights,Internet for Growth,9/5/2025,9/7/2025,1030.0, LV,0.8509964,0.0,,45.0,44.0,1.0,43.81993,41.52382,2.296112,https://internetforgrowth.com/voter-insights/,12/17/2025,23:00:38 29 Sep 2026,9/29/2026,,,900956,9009561,29sep2026
All polls,Morning Consult,,9/1/2025,9/7/2025,25541.0, RV,0.1401782,0.0,,44.22,42.09,2.130001,46.05125,41.50994,4.541309,https://pro.morningconsult.com/trackers/2026-midterm-election-generic-ballot-polls,12/15/2025,23:00:38 29 Sep 2026,9/29/2026,,,90865,908641,29sep2026
All polls,Cygnal,,9/2/2025,9/3/2025,1500.0, LV,1.213082,0.0,,47.6,45.2,2.399998,46.56332,43.36633,3.196991,https://www.cygn.al/poll-optimism-drops-while-trump-gop-maintain-issue-trust-with-midterm-voters-including-on-inflation-crime/,9/3/2025,23:00:38 29 Sep 2026,9/29/2026,,,90617,222552,29sep2026
All polls,YouGov,The Economist,9/26/2025,9/29/2025,1518.0, RV,0.1871284,0.0,,44.0,41.0,3.0,45.95691,42.48661,3.470299,https://today.yougov.com/politics/articles/53094-donald-trump-approval-rebound-government-shutdown-chances-james-comey-flu-covid-vaccines-economy-september-26-29-2025-economist-yougov-poll,9/29/2025,23:00:38 29 Sep 2026,9/29/2026,,,90709,222917,29sep2026
All polls,YouGov,Yahoo News,9/25/2025,9/29/2025,1126.0, RV,0.1662328,0.0,,44.0,40.0,4.0,45.95691,41.48661,4.470299,https://www.yahoo.com/entertainment/tv/article/poll-americans-approve-of-jimmy-kimmels-return-to-tv-by-a-more-than-2-to-1-margin-183746388.html,9/29/2025,23:00:38 29 Sep 2026,9/29/2026,,,900765,222949,29sep2026
All polls,Morning Consult,,9/22/2025,9/28/2025,21732.0, RV,0.1265497,0.0,,43.37,42.96,0.4099998,45.20124,42.37994,2.821301,https://pro.morningconsult.com/trackers/2026-midterm-election-generic-ballot-polls,12/15/2025,23:00:38 29 Sep 2026,9/29/2026,,,90868,908671,29sep2026
All polls,The New York Times/Siena College,,9/22/2025,9/27/2025,1313.0, RV,1.348304,0.0,,47.0,45.0,2.0,46.27296,44.59027,1.68269,https://www.nytimes.com/2025/09/30/polls/trump-approval-poll.html,9/27/2025,23:00:38 29 Sep 2026,9/29/2026,,,900759,222890,29sep2026
All polls,RMG Research,Napolitan Institute,9/22/2025,9/24/2025,2000.0, RV,0.6829158,0.0,,45.0,46.0,-1.0,45.35441,43.39907,1.955338,https://napolitannews.org/posts/generic-ballot-gop-43-percent-dem-41,9/24/2025,23:00:38 29 Sep 2026,9/29/2026,,,90710,222918,29sep2026
All polls,McLaughlin & Associates,,9/17/2025,9/22/2025,1000.0, LV,0.3560773,0.0,,41.0,47.0,-6.0,42.5128,45.18839,-2.675591,https://mclaughlinonline.com/2025/09/30/national-monthly-september-2025/,9/22/2025,23:00:38 29 Sep 2026,9/29/2026,,,90717,222950,29sep2026
All polls,YouGov,The Economist,9/19/2025,9/22/2025,1392.0, RV,0.1828606,0.0,,45.0,42.0,3.0,46.95691,43.48661,3.470299,https://d3nkl3psvxxpe9.cloudfront.net/documents/econtoplines_EYduduY.pdf,9/22/2025,23:00:38 29 Sep 2026,9/29/2026,,,90674,222805,29sep2026
All polls,Echelon Insights,,9/18/2025,9/22/2025,1071.0, LV,0.8717161,0.0,,47.0,46.0,1.0,45.81993,43.52382,2.296112,https://echeloninsights.com/in-the-news/september-2025-verified-voter-omnibus/,9/22/2025,23:00:38 29 Sep 2026,9/29/2026,,,900739,222766,29sep2026
All polls,Ipsos,Reuters,9/19/2025,9/21/2025,799.0, RV,0.2985452,0.0,,40.0,38.0,2.0,44.97495,41.39795,3.577,https://www.reuters.com/data/which-party-do-americans-want-run-congress-2025-11-05/,12/15/2025,23:00:38 29 Sep 2026,9/29/2026,,,900746,908191,29sep2026
All polls,Morning Consult,,9/15/2025,9/21/2025,21386.0, RV,0.1278519,0.0,,43.87,42.74,1.129997,45.70124,42.15994,3.541302,https://pro.morningconsult.com/trackers/2026-midterm-election-generic-ballot-polls,12/15/2025,23:00:38 29 Sep 2026,9/29/2026,,,90867,908661,29sep2026
All polls,YouGov,Yahoo News,8/29/2025,9/2/2025,1136.0, RV,0.1727752,0.0,,44.0,40.0,4.0,45.95691,41.48661,4.470299,https://www.scribd.com/document/911899946/Yahoo-YouGov-Newsom-Poll-August-2025,9/2/2025,23:00:38 29 Sep 2026,9/29/2026,,,900698,222441,29sep2026
All polls,YouGov,The Economist,8/29/2025,9/2/2025,1549.0, RV,0.1955918,0.0,,43.0,39.0,4.0,44.95691,40.48661,4.470299,https://d3nkl3psvxxpe9.cloudfront.net/documents/econtoplines_yFjgYJq.pdf,9/2/2025,23:00:38 29 Sep 2026,9/29/2026,,,90539,222397,29sep2026
All polls,Verasight,Strength In Numbers,9/15/2025,9/19/2025,1268.0, RV,0.5114151,0.0,,50.0,45.0,5.0,48.17691,44.83598,3.340931,https://www.gelliottmorris.com/p/new-poll-voters-to-blame-republicans-for-shutdown,9/19/2025,23:00:38 29 Sep 2026,9/29/2026,,,90675,2228031,29sep2026
All polls,The Argument/Verasight,,9/15/2025,9/18/2025,1541.0, RV,0.7463055,0.0,,53.0,47.0,6.0,49.74769,43.63861,6.109077,https://www.theargumentmag.com/p/chatgpt-and-the-end-of-learning,9/18/2025,23:00:38 29 Sep 2026,9/29/2026,,,90714,222929,29sep2026
All polls,AtlasIntel,,9/12/2025,9/16/2025,1066.0, A,0.9429561,0.0,,51.8,43.5,8.299999,48.49121,44.15962,4.331593,https://atlasintel.org/poll/usa-national-2025-09-19,9/16/2025,23:00:38 29 Sep 2026,9/29/2026,,,900736,222715,29sep2026
All polls,"Normington, Petts & Associates",Third Way,9/11/2025,9/16/2025,800.0, LV,0.8875322,0.0,,40.0,40.0,0.0,40.2094,39.29934,0.9100609,https://www.thirdway.org/memo/americans-caught-between-trumps-cruelty-and-democrats-chaos,11/13/2025,23:00:38 29 Sep 2026,9/29/2026,,,900827,907741,29sep2026
All polls,YouGov,The Economist,9/12/2025,9/15/2025,1420.0, RV,0.1863821,0.0,,43.0,41.0,2.0,44.95691,42.48661,2.470299,https://d3nkl3psvxxpe9.cloudfront.net/documents/econtoplines_XBYs983.pdf,9/15/2025,23:00:38 29 Sep 2026,9/29/2026,,,90645,222648,29sep2026
All polls,Morning Consult,,9/8/2025,9/14/2025,23465.0, RV,0.1343578,0.0,,43.89,42.44,1.450001,45.72124,41.85994,3.861301,https://pro.morningconsult.com/trackers/2026-midterm-election-generic-ballot-polls,12/15/2025,23:00:38 29 Sep 2026,9/29/2026,,,90866,908651,29sep2026
All polls,NAIP,,9/6/2025,9/13/2025,2071.0, LV,1.102736,0.0,,45.0,43.0,2.0,45.84737,42.24248,3.604889,https://www.realclearpolitics.com/articles/2025/09/19/generic_ballot_tracking_poll_republicans_narrow_dems_lead.html,12/15/2025,23:00:38 29 Sep 2026,9/29/2026,,REP,90813,908131,29sep2026
All polls,i360,Americans for Prosperity,9/10/2025,9/12/2025,577.0, RV,0.7193716,0.0,,35.0,32.0,3.0,37.83792,33.41836,4.419559,https://www.politico.com/news/2025/12/03/obamacare-subsidies-expire-this-month-many-republicans-are-shrugging-00672949,12/3/2025,23:00:38 29 Sep 2026,9/29/2026,,REP,90802,908021,29sep2026
All polls,Clarity Campaign Labs,,9/4/2025,9/11/2025,1001.0, RV,0.6969455,0.0,,50.0,44.0,6.0,48.61919,42.91867,5.70052,https://www.claritycampaigns.com/clarity-omnibus-september-2025,9/11/2025,23:00:38 29 Sep 2026,9/29/2026,,,900731,222678,29sep2026
All polls,Change Research,,9/5/2025,9/10/2025,2223.0, RV,0.6411889,0.0,,45.0,43.0,2.0,46.51202,43.51713,2.994888,https://portal.changeresearch.com/portal/projects/9b77cc10-feae-4dd6-b303-1b83ee015192,5/5/2026,23:00:38 29 Sep 2026,9/29/2026,,,901422,9014222,29sep2026
All polls,The Winston Group,Winning the Issues,8/30/2025,9/1/2025,1000.0, RV,0.9599504,0.0,,47.0,43.0,4.0,47.10452,42.74477,4.359749,https://www.winningtheissues.org/2025/12/31/2025-winning-the-issues-research/,2/27/2026,23:00:38 29 Sep 2026,9/29/2026,,REP,901147,9011473,29sep2026
All polls,Survey160,,8/26/2025,9/1/2025,1437.0, RV,0.8235024,0.0,,46.0,39.0,7.0,46.14676,41.05308,5.093678,https://www.survey160.com/methodological-research-blog/introducing-the-survey-160-tracking-poll,12/5/2025,23:00:38 29 Sep 2026,9/29/2026,,,900919,908041,29sep2026
All polls,CNN/SSRS,,8/21/2025,9/1/2025,1768.0, RV,0.8077916,0.0,,52.0,48.0,4.0,51.84424,47.7323,4.111938,https://www.cnn.com/2025/09/26/politics/us-politics-negative-sentiment-republicans-democrats,9/1/2025,23:00:38 29 Sep 2026,9/29/2026,,,90692,222840,29sep2026
All polls,Cygnal,,8/7/2025,8/9/2025,1500.0, LV,1.200493,0.0,,47.4,46.4,1.0,46.36333,44.56633,1.797001,https://www.cygn.al/national-poll-69-percent-of-americans-reject-race-based-redistricting-views-on-the-american-dream-on-life-support-and-the-fed-gets-low-marks-on-handling-of-interest-rates/,8/9/2025,23:00:38 29 Sep 2026,9/29/2026,,,90410,221956,29sep2026
All polls,YouGov,The Economist,8/1/2025,8/4/2025,1528.0, RV,0.2045883,0.0,,43.7,38.4,5.299999,45.65691,39.88662,5.77029,https://today.yougov.com/topics/politics/trackers/congressional-ballot-voting-intention,8/4/2025,23:00:38 29 Sep 2026,9/29/2026,,,90388,221810,29sep2026
All polls,Morning Consult,,8/29/2025,8/31/2025,2202.0, RV,0.052933,0.0,,45.0,41.0,4.0,46.83125,40.41994,6.411308,https://links.morningconsult.com/s/vb/zpOJTp1fd-BIR_rEUoDVVpbxjXadg6zyKojmasnqASm1Hp621kq0xaatdElmOwOyNR5BxVXYL1h85IVSEMQ-rZTd-Yz0U-hjJgu1WfIkrldD66UKOSCLbrYHiSzLtKjUuUOD33LEK9wVgTQl22Ic8BUrAP0z3AlRWdSJsA/dAaqMr_Kzp13zZAl6CKc8AYgFM7Csr5U/12,8/31/2025,23:00:38 29 Sep 2026,9/29/2026,,,900696,222387,29sep2026
All polls,Morning Consult,,8/25/2025,8/31/2025,26531.0, RV,0.1433498,0.0,,43.81,42.4,1.41,45.64125,41.81994,3.821312,https://pro.morningconsult.com/trackers/2026-midterm-election-generic-ballot-polls,12/15/2025,23:00:38 29 Sep 2026,9/29/2026,,,90864,908631,29sep2026
All polls,Hart Research Associates/Public Opinion Strategies,CNBC,7/29/2025,8/3/2025,800.0, RV,0.9796585,0.0,,49.0,44.0,5.0,47.61833,42.06536,5.552967,https://www.cnbc.com/video/2025/08/07/cnbc-all-america-economic-survey-45-percent-approve-of-pres-trumps-handling-of-the-economy.html,8/3/2025,23:00:38 29 Sep 2026,9/29/2026,,,900640,221845,29sep2026
All polls,Morning Consult,,7/28/2025,8/3/2025,27432.0, RV,0.1487178,0.0,,43.68,42.53,1.150002,45.51125,41.94994,3.56131,https://pro.morningconsult.com/trackers/2026-midterm-election-generic-ballot-polls,12/15/2025,23:00:38 29 Sep 2026,9/29/2026,,,90860,908591,29sep2026
All polls,Emerson College,,8/25/2025,8/26/2025,1000.0, RV,0.9405274,0.0,,43.3,43.0,0.2999992,42.97714,43.45616,-0.479023,https://emersoncollegepolling.com/august-2025-national/,8/26/2025,23:00:38 29 Sep 2026,9/29/2026,,,900689,222344,29sep2026
All polls,McLaughlin & Associates,,8/21/2025,8/26/2025,1000.0, LV,0.3095384,0.0,,45.0,47.0,-2.0,46.5128,45.18839,1.324409,https://mclaughlinonline.com/2025/09/02/national-monthly-august-2025/?utm_source=rss&utm_medium=rss&utm_campaign=national-monthly-august-2025,8/26/2025,23:00:38 29 Sep 2026,9/29/2026,,,90537,222383,29sep2026
All polls,YouGov,The Economist,8/22/2025,8/25/2025,1377.0, RV,0.1891856,0.0,,43.0,41.0,2.0,44.95691,42.48661,2.470299,https://d3nkl3psvxxpe9.cloudfront.net/documents/econtoplines_ziFpJLd.pdf,8/25/2025,23:00:38 29 Sep 2026,9/29/2026,,,90501,222186,29sep2026
All polls,Morning Consult,,8/18/2025,8/24/2025,27673.0, RV,0.1471735,0.0,,44.05,42.24,1.809998,45.88124,41.65994,4.221302,https://pro.morningconsult.com/trackers/2026-midterm-election-generic-ballot-polls,12/15/2025,23:00:38 29 Sep 2026,9/29/2026,,,90863,908621,29sep2026
All polls,Ipsos,Reuters,8/22/2025,8/24/2025,895.0, RV,0.3468601,0.0,,36.0,39.0,-3.0,40.97495,42.39795,-1.423,https://www.reuters.com/data/which-party-do-americans-want-run-congress-2025-11-05/,12/15/2025,23:00:38 29 Sep 2026,9/29/2026,,,900680,908202,29sep2026
All polls,Verasight,Strength In Numbers,8/18/2025,8/21/2025,1500.0, A,0.4658435,0.0,,49.0,41.0,8.0,47.17691,40.83598,6.340931,https://www.gelliottmorris.com/p/democrats-lead-the-us-house-generic,8/21/2025,23:00:38 29 Sep 2026,9/29/2026,,,90502,222184,29sep2026
All polls,RMG Research,Napolitan Institute,8/18/2025,8/21/2025,2000.0, RV,0.668799,0.0,,47.0,47.0,0.0,47.35441,44.39907,2.955338,https://napolitannews.org/posts/generic-ballot-gop-44-percent-dem-44,8/21/2025,23:00:38 29 Sep 2026,9/29/2026,,,90497,222124,29sep2026
All polls,Ipsos,Reuters,8/13/2025,8/18/2025,3516.0, RV,0.6072351,0.0,,42.0,37.0,5.0,46.97495,40.39795,6.577,https://www.reuters.com/data/which-party-do-americans-want-run-congress-2025-11-05/,12/15/2025,23:00:38 29 Sep 2026,9/29/2026,,,900665,908211,29sep2026
All polls,Echelon Insights,,8/14/2025,8/18/2025,1057.0, LV,0.8740035,0.0,,47.0,46.0,1.0,45.81993,43.52382,2.296112,https://echeloninsights.com/in-the-news/august-2025-verified-voter-omnibus/,8/18/2025,23:00:38 29 Sep 2026,9/29/2026,,,90476,222042,29sep2026
All polls,YouGov,The Economist,8/15/2025,8/18/2025,1408.0, RV,0.1931294,0.0,,44.0,39.0,5.0,45.95691,40.48661,5.470299,https://d3nkl3psvxxpe9.cloudfront.net/documents/econtoplines_ep7WXyn.pdf,8/18/2025,23:00:38 29 Sep 2026,9/29/2026,,,90480,222093,29sep2026
All polls,Morning Consult,,8/11/2025,8/17/2025,27248.0, RV,0.1472682,0.0,,43.93,42.88,1.049999,45.76125,42.29994,3.461311,https://pro.morningconsult.com/trackers/2026-midterm-election-generic-ballot-polls,12/15/2025,23:00:38 29 Sep 2026,9/29/2026,,,90862,908611,29sep2026
All polls,The Argument/Verasight,,8/8/2025,8/17/2025,1562.0, RV,0.8770283,0.0,,50.7,49.3,1.400002,47.44769,45.93861,1.509079,https://www.theargumentmag.com/p/when-americans-bite-their-tongues,8/17/2025,23:00:38 29 Sep 2026,9/29/2026,,,90521,222313,29sep2026
All polls,YouGov,The Economist,8/9/2025,8/11/2025,1474.0, RV,0.1992659,0.0,,42.0,40.0,2.0,43.95691,41.48661,2.470299,https://d3nkl3psvxxpe9.cloudfront.net/documents/econtoplines_V8D6b4L.pdf,8/11/2025,23:00:38 29 Sep 2026,9/29/2026,,,90405,221952,29sep2026
All polls,Morning Consult,,8/4/2025,8/10/2025,26631.0, RV,0.1464986,0.0,,43.79,42.66,1.130001,45.62125,42.07994,3.541309,https://pro.morningconsult.com/trackers/2026-midterm-election-generic-ballot-polls,12/15/2025,23:00:38 29 Sep 2026,9/29/2026,,,90861,908601,29sep2026
All polls,YouGov,The Economist,7/4/2025,7/7/2025,1389.0, RV,0.2141197,0.0,,43.0,40.0,3.0,44.95691,41.48661,3.470299,https://today.yougov.com/topics/politics/trackers/congressional-ballot-voting-intention,7/7/2025,23:00:38 29 Sep 2026,9/29/2026,,,90241,221735,29sep2026
All polls,Morning Consult,,6/30/2025,7/6/2025,27913.0, RV,0.1513088,0.0,,44.36,42.51,1.850002,46.19125,41.92994,4.261311,https://pro.morningconsult.com/trackers/2026-midterm-election-generic-ballot-polls,12/15/2025,23:00:38 29 Sep 2026,9/29/2026,,,90856,908551,29sep2026
All polls,Clarity Campaign Labs,,7/24/2025,7/31/2025,1018.0, RV,0.7210499,0.0,,51.0,43.0,8.0,49.61919,41.91867,7.70052,https://static1.squarespace.com/static/61ae8d5e55be5c7314b4c83a/t/68936b40c111f97bb04773dd/1754491714447/Clarity+Omnibus+Overview+-+July+2025+%5BPUBLIC%5D.pdf,7/31/2025,23:00:38 29 Sep 2026,9/29/2026,,,900639,221844,29sep2026
All polls,GrayHouse,America One Policies,7/27/2025,7/29/2025,2000.0, RV,0.9684486,0.0,,47.0,44.0,3.0,48.2225,43.80664,4.415859,https://www.americaonepolicies.com/polls/selling-the-one-big-beautiful-bill,3/6/2026,23:00:38 29 Sep 2026,9/29/2026,,REP,901181,9011812,29sep2026
All polls,YouGov,Yahoo News,7/24/2025,7/28/2025,1167.0, RV,0.1860078,0.0,,46.0,39.0,7.0,47.95691,40.48661,7.470299,https://d3nkl3psvxxpe9.cloudfront.net/documents/20250728_yahoo.pdf,7/28/2025,23:00:38 29 Sep 2026,9/29/2026,,,900643,221899,29sep2026
All polls,YouGov,The Economist,7/25/2025,7/28/2025,1610.0, RV,0.2109963,0.0,,43.0,41.0,2.0,44.95691,42.48661,2.470299,https://today.yougov.com/topics/politics/trackers/congressional-ballot-voting-intention,7/28/2025,23:00:38 29 Sep 2026,9/29/2026,,,90363,221738,29sep2026
All polls,Morning Consult,,7/21/2025,7/27/2025,28524.0, RV,0.1515909,0.0,,44.07,42.19,1.880001,45.90125,41.60994,4.291309,https://pro.morningconsult.com/trackers/2026-midterm-election-generic-ballot-polls,12/15/2025,23:00:38 29 Sep 2026,9/29/2026,,,90859,908581,29sep2026
All polls,Ipsos,Reuters,7/25/2025,7/27/2025,884.0, RV,0.3756978,0.0,,40.0,39.0,1.0,44.97495,42.39795,2.577,https://www.reuters.com/data/which-party-do-americans-want-run-congress-2025-11-05/,12/15/2025,23:00:38 29 Sep 2026,9/29/2026,,,900621,908221,29sep2026
All polls,McLaughlin & Associates,America's New Majority Project,7/21/2025,7/24/2025,1633.0, LV,0.3011802,0.0,,48.0,43.9,4.099998,49.68332,41.91787,7.76545,https://americasnewmajorityproject.com/winning-with-one-big-beautiful-bill/,7/24/2025,23:00:38 29 Sep 2026,9/29/2026,,REP,900618,221687,29sep2026
All polls,Emerson College,Nexstar,7/21/2025,7/22/2025,1400.0, RV,1.072233,0.0,,44.0,41.5,2.5,43.67714,41.95616,1.720978,https://www.conchovalleyhomepage.com/news/majority-disapprove-of-trumps-handling-of-epstein-files-emerson-college-polling-survey/,7/22/2025,23:00:38 29 Sep 2026,9/29/2026,,,900612,221656,29sep2026
All polls,YouGov,The Economist,7/18/2025,7/21/2025,1551.0, RV,0.2129302,0.0,,44.0,41.0,3.0,45.95691,42.48661,3.470299,https://today.yougov.com/topics/politics/trackers/congressional-ballot-voting-intention,7/21/2025,23:00:38 29 Sep 2026,9/29/2026,,,90338,221737,29sep2026
All polls,"Fabrizio, Lee & Associates/Impact Research",The Wall Street Journal,7/16/2025,7/20/2025,1500.0, RV,0.9407095,0.0,,46.0,43.0,3.0,46.39488,43.23356,3.16132,https://www.wsj.com/politics/elections/trump-approval-rating-poll-july-2025-745b0f5f,7/20/2025,23:00:38 29 Sep 2026,9/29/2026,,,90353,221660,29sep2026
All polls,Morning Consult,,7/14/2025,7/20/2025,28190.0, RV,0.1513664,0.0,,44.32,42.59,1.73,46.15125,42.00994,4.141308,https://pro.morningconsult.com/trackers/2026-midterm-election-generic-ballot-polls,12/15/2025,23:00:38 29 Sep 2026,9/29/2026,,,90858,908571,29sep2026
All polls,Cygnal,,7/1/2025,7/2/2025,1500.0, LV,1.149007,0.0,,47.1,45.7,1.399998,46.06332,43.86633,2.196991,https://www.cygn.al/poll-karens-freak-out-over-ice-raids-as-hispanic-support-for-deportations-surges/,7/2/2025,23:00:38 29 Sep 2026,9/29/2026,,,90244,221241,29sep2026
All polls,AtlasIntel,,7/13/2025,7/18/2025,1935.0, A,1.158618,0.0,,51.3,42.7,8.599998,47.99121,43.35962,4.631592,https://atlasintel.org/poll/usa-national-2025-07-18,7/18/2025,23:00:38 29 Sep 2026,9/29/2026,,,900590,221520,29sep2026
All polls,Rasmussen Reports,,7/13/2025,7/17/2025,2288.0, LV,1.321881,0.0,,46.0,42.0,4.0,47.09195,41.78631,5.305641,https://www.rasmussenreports.com/public_content/politics/mood_of_america/generic_congressional_ballot_july22,11/13/2025,23:00:38 29 Sep 2026,9/29/2026,,REP,90780,907801,29sep2026
All polls,Verasight,Strength In Numbers,7/14/2025,7/16/2025,1500.0, A,0.500186,0.0,,47.0,43.0,4.0,45.17691,42.83598,2.340931,https://www.gelliottmorris.com/p/new-poll-dems-lead-house-generic,7/16/2025,23:00:38 29 Sep 2026,9/29/2026,,,90336,221563,29sep2026
All polls,RMG Research,Napolitan Institute,7/14/2025,7/16/2025,2000.0, RV,0.6378598,0.0,,45.0,49.0,-4.0,45.35441,46.39907,-1.044662,https://napolitannews.org/posts/generic-ballot-july-2025-republicans-46-percent-democrats-42,7/16/2025,23:00:38 29 Sep 2026,9/29/2026,,,90334,221547,29sep2026
All polls,Echelon Insights,,7/10/2025,7/14/2025,1084.0, LV,0.878176,0.0,,47.0,48.0,-1.0,45.81993,45.52382,0.2961121,https://echeloninsights.com/in-the-news/july-2025-verified-voter-omnibus-2-2-2-2-2-2-2/,7/14/2025,23:00:38 29 Sep 2026,9/29/2026,,,900575,221405,29sep2026
All polls,McLaughlin & Associates,,7/9/2025,7/14/2025,1000.0, LV,0.2288187,0.0,,42.0,47.0,-5.0,43.5128,45.18839,-1.675591,https://mclaughlinonline.com/2025/07/17/ma-poll-national-monthly-july-2025/,7/14/2025,23:00:38 29 Sep 2026,9/29/2026,,,90321,221484,29sep2026
All polls,YouGov,The Economist,7/11/2025,7/14/2025,1506.0, RV,0.2162586,0.0,,43.0,39.0,4.0,44.95691,40.48661,4.470299,https://today.yougov.com/topics/politics/trackers/congressional-ballot-voting-intention,7/14/2025,23:00:38 29 Sep 2026,9/29/2026,,,90311,221736,29sep2026
All polls,Morning Consult,,7/7/2025,7/13/2025,28276.0, RV,0.1520013,0.0,,44.72,42.75,1.970001,46.55125,42.16994,4.38131,https://pro.morningconsult.com/trackers/2026-midterm-election-generic-ballot-polls,12/15/2025,23:00:38 29 Sep 2026,9/29/2026,,,90857,908561,29sep2026
All polls,RMG Research,Napolitan Institute,6/9/2025,6/9/2025,1000.0, RV,0.4773994,0.0,,35.0,35.0,0.0,35.35441,32.39907,2.955338,https://napolitannews.org/posts/musk-3rd-party-would-get-8-percent-of-voters,6/9/2025,23:00:38 29 Sep 2026,9/29/2026,,,90063,219708,29sep2026
All polls,YouGov,The Economist,6/6/2025,6/9/2025,1397.0, RV,0.2464521,0.0,,44.0,43.0,1.0,45.95691,44.48661,1.470299,https://today.yougov.com/topics/politics/trackers/congressional-ballot-voting-intention,6/9/2025,23:00:38 29 Sep 2026,9/29/2026,,,90053,221731,29sep2026
All polls,Morning Consult,,6/2/2025,6/8/2025,28551.0, RV,0.1525361,0.0,,42.98,45.28,-2.299999,44.81124,44.69994,0.1113014,https://pro.morningconsult.com/trackers/2026-midterm-election-generic-ballot-polls,12/15/2025,23:00:38 29 Sep 2026,9/29/2026,,,90852,908511,29sep2026
All polls,Hart Research Associates/Public Opinion Strategies,NBC News,5/29/2026,6/7/2026,3000.0, RV,1.444144,0.0,,49.0,44.0,5.0,47.61833,42.06536,5.552967,https://www.nbcnews.com/politics/2026-election/poll-democrats-maintain-edge-fight-congress-trump-gets-poor-marks-rcna348913,6/14/2026,23:00:38 29 Sep 2026,9/29/2026,,,901548,9015484,29sep2026
All polls,HarrisX,Forbes,5/20/2026,6/7/2026,1137.0, LV,0.4213265,0.0,,46.0,45.0,1.0,44.77025,40.766,4.00425,https://www.harrisx.com/content/forbes-harrisx-american-confidence-tracker-june-2026,6/12/2026,23:00:38 29 Sep 2026,9/29/2026,,,901545,9015456,29sep2026
All polls,J.L. Partners,DailyMail.com,6/6/2025,6/6/2025,1006.0, RV,0.9842626,0.0,,42.0,35.0,7.0,42.01796,36.03605,5.981911,https://www.dailymail.co.uk/news/article-14796175/polling-donald-trump-2024-election-elon-musk.html,6/6/2025,23:00:38 29 Sep 2026,9/29/2026,,,90057,219706,29sep2026
All polls,Clarity Campaign Labs,,5/28/2026,6/5/2026,1045.0, LV,0.893236,0.0,,48.0,45.0,3.0,46.61919,43.91867,2.70052,https://www.claritycampaigns.com/clarity-omnibus-2026-may,6/13/2026,23:00:38 29 Sep 2026,9/29/2026,,,901547,9015473,29sep2026
All polls,RMG Research,Napolitan News Service,6/1/2026,6/4/2026,2000.0, RV,0.7360993,0.0,,49.0,45.0,4.0,49.35441,42.39907,6.955338,https://napolitannews.org/posts/generic-ballot-dem-49-percent-gop-45-dems-more-enthusiastic,6/5/2026,23:00:38 29 Sep 2026,9/29/2026,,,901520,9015201,29sep2026
All polls,Cygnal,,6/3/2025,6/4/2025,1500.0, LV,1.139432,0.0,,47.2,46.9,0.2999992,46.16333,45.06633,1.097,https://www.cygn.al/national-poll-record-number-say-nation-is-on-right-track-voters-back-trumps-one-big-beautiful-bill-for-tax-relief-and-border-security/,6/4/2025,23:00:38 29 Sep 2026,9/29/2026,,,90056,219697,29sep2026
All polls,YouGov,The Economist,6/27/2025,6/30/2025,1491.0, RV,0.224976,0.0,,44.0,40.0,4.0,45.95691,41.48661,4.470299,https://today.yougov.com/topics/politics/trackers/congressional-ballot-voting-intention,6/30/2025,23:00:38 29 Sep 2026,9/29/2026,,,90219,221734,29sep2026
All polls,The Argument/Verasight,,5/29/2026,6/3/2026,3008.0, RV,1.058958,0.0,,53.0,47.0,6.0,49.74769,43.63861,6.109077,https://www.theargumentmag.com/p/the-biggest-issue-in-american-politics,6/10/2026,23:00:38 29 Sep 2026,9/29/2026,,,901533,9015332,29sep2026
All polls,Cygnal,,6/2/2026,6/3/2026,1500.0, LV,1.191922,0.0,,49.0,44.0,5.0,47.96333,42.16633,5.797001,https://www.cygn.al/news/poll-independents-arent-who-you-think-they-are-the-left-americas-250-and-who-trump-has-lost-since-the-inauguration/,6/11/2026,23:00:38 29 Sep 2026,9/29/2026,,,901540,9015401,29sep2026
All polls,Morning Consult,,6/23/2025,6/29/2025,27694.0, RV,0.1507401,0.0,,43.58,43.34,0.2400017,45.41125,42.75994,2.65131,https://pro.morningconsult.com/trackers/2026-midterm-election-generic-ballot-polls,12/15/2025,23:00:38 29 Sep 2026,9/29/2026,,,90855,908541,29sep2026
All polls,American Pulse Research & Polling,,6/23/2025,6/25/2025,633.0, RV,0.7365844,0.0,,46.6,42.4,4.199997,46.40697,42.47387,3.933102,https://www.americanpulse.us/thankyou-pollresults-publicopinion-post-landscape-shaping-events-2,6/25/2025,23:00:38 29 Sep 2026,9/29/2026,,,900534,221029,29sep2026
All polls,Emerson College,,6/24/2025,6/25/2025,1000.0, RV,0.9920143,0.0,,42.5,39.8,2.700001,42.17714,40.25616,1.920979,https://emersoncollegepolling.com/june-national-poll/,6/25/2025,23:00:38 29 Sep 2026,9/29/2026,,,900538,221051,29sep2026
All polls,Ipsos,Reuters,6/20/2025,6/23/2025,994.0, RV,0.4187194,0.0,,40.0,36.0,4.0,44.97495,39.39795,5.577,https://www.reuters.com/data/which-party-do-americans-want-run-congress-2025-11-05/,12/15/2025,23:00:38 29 Sep 2026,9/29/2026,,,90824,908231,29sep2026
All polls,YouGov,The Economist,6/20/2025,6/23/2025,1455.0, RV,0.2296183,0.0,,44.0,40.0,4.0,45.95691,41.48661,4.470299,https://today.yougov.com/topics/politics/trackers/congressional-ballot-voting-intention,6/23/2025,23:00:38 29 Sep 2026,9/29/2026,,,90183,221733,29sep2026
All polls,Morning Consult,,6/16/2025,6/22/2025,28021.0, RV,0.1513362,0.0,,43.99,43.73,0.2600021,45.82125,43.14994,2.67131,https://pro.morningconsult.com/trackers/2026-midterm-election-generic-ballot-polls,12/15/2025,23:00:38 29 Sep 2026,9/29/2026,,,90854,908531,29sep2026
All polls,Data for Progress,,5/15/2026,6/21/2026,5809.0, LV,1.03428,0.0,,51.0,44.0,7.0,49.68301,43.10869,6.574322,https://www.dataforprogress.org/blog/2026/7/9/midterms-swing-voter-report-1,7/9/2026,23:00:38 29 Sep 2026,9/29/2026,,,901624,9016242,29sep2026
All polls,Cygnal,,6/19/2025,6/21/2025,800.0, LV,0.8855824,0.0,,48.4,46.0,2.400002,47.36333,44.16633,3.197002,https://www.cygn.al/poll-bitcoin-owners-lean-republican-emerging-as-sought-after-voting-bloc-in-2026-elections/,6/21/2025,23:00:38 29 Sep 2026,9/29/2026,,,90186,221001,29sep2026
All polls,Quantus Insights,,6/1/2026,6/2/2026,1050.0, LV,0.5509884,0.0,,47.0,42.3,4.700001,47.2044,41.83927,5.365128,https://quantusinsights.org/f/quantus-insights-trump-underwater-democrats-hold-edge,6/4/2026,23:00:38 29 Sep 2026,9/29/2026,,,901513,9015132,29sep2026
All polls,The Bullfinch Group,Independent Center,5/29/2026,6/2/2026,1000.0, RV,0.5900123,0.0,,42.0,36.0,6.0,44.54018,39.587,4.953178,https://www.thebullfinchgroup.com/post/public-release-of-bullfinch-q2-nationwide-survey-4,6/4/2026,23:00:38 29 Sep 2026,9/29/2026,,,901514,9015144,29sep2026
All polls,The Winston Group,Winning the Issues,5/30/2026,6/2/2026,1000.0, RV,1.07212,0.0,,48.0,41.0,7.0,47.77972,41.06956,6.710159,https://www.winningtheissues.org/2026/06/13/may-2026-winning-the-issues-survey/,7/1/2026,23:00:38 29 Sep 2026,9/29/2026,,,901598,9015982,29sep2026
All polls,YouGov,The Economist,5/30/2025,6/2/2025,1436.0, RV,0.2637599,0.0,,44.0,42.0,2.0,45.95691,43.48661,2.470299,https://d3nkl3psvxxpe9.cloudfront.net/documents/econtoplines_uOptfZ9.pdf,6/2/2025,23:00:38 29 Sep 2026,9/29/2026,,,90039,219670,29sep2026
All polls,RMG Research,Napolitan Institute,6/18/2025,6/19/2025,1000.0, RV,0.470074,0.0,,44.0,52.0,-8.0,44.35441,49.39907,-5.044662,https://napolitannews.org/posts/generic-ballot-gop-holds-largest-lead-of-the-year,6/19/2025,23:00:38 29 Sep 2026,9/29/2026,,,90180,220954,29sep2026
All polls,Echelon Insights,,6/17/2025,6/18/2025,1002.0, LV,0.8336412,0.0,,47.0,48.0,-1.0,45.81993,45.52382,0.2961121,https://echeloninsights.com/in-the-news/middle-east-update/,6/18/2025,23:00:38 29 Sep 2026,9/29/2026,,,900514,220920,29sep2026
All polls,Echelon Insights,,6/12/2025,6/17/2025,982.0, LV,0.8288878,0.0,,47.0,48.0,-1.0,45.81993,45.52382,0.2961121,https://echeloninsights.com/in-the-news/june-2025-verified-voter-omnibus-2-2-2-2-2-2/,6/17/2025,23:00:38 29 Sep 2026,9/29/2026,,,900510,220836,29sep2026
All polls,co/efficient,,6/12/2025,6/16/2025,1035.0, LV,0.8761247,0.0,,46.0,46.0,0.0,46.58927,44.90837,1.680901,https://coefficient.org/one-big-beautiful-bill/,6/16/2025,23:00:38 29 Sep 2026,9/29/2026,,REP,90166,220929,29sep2026
All polls,YouGov,The Economist,6/13/2025,6/16/2025,1351.0, RV,0.2318537,0.0,,44.0,41.0,3.0,45.95691,42.48661,3.470299,https://today.yougov.com/topics/politics/trackers/congressional-ballot-voting-intention,6/16/2025,23:00:38 29 Sep 2026,9/29/2026,,,90083,221732,29sep2026
All polls,Ipsos,Reuters,6/11/2025,6/16/2025,3458.0, RV,0.6857741,0.0,,40.0,38.0,2.0,44.97495,41.39795,3.577,https://www.reuters.com/data/which-party-do-americans-want-run-congress-2025-11-05/,12/15/2025,23:00:38 29 Sep 2026,9/29/2026,,,900505,908241,29sep2026
All polls,McLaughlin & Associates,America's New Majority Project,6/12/2025,6/15/2025,1637.0, LV,0.2438385,0.0,,47.2,46.4,0.7999992,48.88332,44.41787,4.46545,https://americasnewmajorityproject.com/how-to-talk-about-taxes-and-the-budget-bill-what-voters-respond-to-best/,6/15/2025,23:00:38 29 Sep 2026,9/29/2026,,REP,900524,220937,29sep2026
All polls,McLaughlin & Associates,,6/10/2025,6/15/2025,1000.0, LV,0.199854,0.0,,42.0,47.0,-5.0,43.5128,45.18839,-1.675591,https://mclaughlinonline.com/pols/wp-content/uploads/2025/06/National-June-Presentation-RELEASE-6-16-25.pdf,6/15/2025,23:00:38 29 Sep 2026,9/29/2026,,,90161,220909,29sep2026
All polls,Morning Consult,,6/9/2025,6/15/2025,28058.0, RV,0.1513887,0.0,,43.68,44.94,-1.259998,45.51125,44.35994,1.15131,https://pro.morningconsult.com/trackers/2026-midterm-election-generic-ballot-polls,12/15/2025,23:00:38 29 Sep 2026,9/29/2026,,,90853,908521,29sep2026
All polls,Clarity Campaign Labs,,6/5/2025,6/14/2025,1000.0, RV,0.7412483,0.0,,50.0,45.0,5.0,48.61919,43.91867,4.70052,https://static1.squarespace.com/static/61ae8d5e55be5c7314b4c83a/t/6852fc5a3ac4c05449fc450e/1750269023826/Clarity+Omnibus+Overview+-+June+2025+%5BPUBLIC%5D.pdf,6/14/2025,23:00:38 29 Sep 2026,9/29/2026,,,900513,220899,29sep2026
All polls,The Winston Group,Winning the Issues,6/12/2025,6/14/2025,1000.0, RV,1.014024,0.0,,46.0,42.0,4.0,46.10452,41.74477,4.359749,https://www.winningtheissues.org/2025/06/30/winning-the-issues-june-2025-national-survey/,6/14/2025,23:00:38 29 Sep 2026,9/29/2026,,REP,900568,221307,29sep2026
All polls,Verasight,Strength In Numbers,6/6/2025,6/12/2025,1500.0, A,0.5413883,0.0,,45.0,37.0,8.0,43.17691,36.83598,6.340931,https://www.gelliottmorris.com/p/trump-approval-at-42-democrats-up,6/12/2025,23:00:38 29 Sep 2026,9/29/2026,,,90074,219731,29sep2026
All polls,McLaughlin & Associates,Club for Growth (PAC),6/9/2025,6/11/2025,1000.0, LV,0.2013118,0.0,,44.0,46.0,-2.0,45.68332,44.01787,1.665447,https://www.clubforgrowth.org/icymi-new-cfg-poll-finds-vast-majority-of-republicans-democrats-support-school-freedom-bills/,6/11/2025,23:00:38 29 Sep 2026,9/29/2026,,REP,90076,219733,29sep2026
All polls,YouGov,Economist,5/29/2026,6/1/2026,1453.0, RV,0.2205533,0.0,,46.0,42.0,4.0,47.95691,43.48661,4.470299,https://d3nkl3psvxxpe9.cloudfront.net/documents/econTabReport_AvLU7vY.pdf,6/2/2026,23:00:38 29 Sep 2026,9/29/2026,,,901508,9015085,29sep2026
All polls,Focaldata,Financial Times,5/29/2026,6/1/2026,1537.0, RV,0.5530557,0.0,,48.0,43.0,5.0,47.14543,42.19669,4.948742,https://www.focaldata.com/blog/trump-inflation-approval-crashes-to-record-low,6/7/2026,23:00:38 29 Sep 2026,9/29/2026,,,901521,9015214,29sep2026
All polls,Morning Consult,,5/26/2025,6/1/2025,29002.0, RV,0.1531174,0.0,,43.67,44.28,-0.6100006,45.50124,43.69994,1.8013,https://pro.morningconsult.com/trackers/2026-midterm-election-generic-ballot-polls,12/15/2025,23:00:38 29 Sep 2026,9/29/2026,,,90851,908501,29sep2026
All polls,co/efficient,,5/7/2025,5/9/2025,1462.0, LV,0.9393271,0.0,,45.0,42.0,3.0,45.58927,40.90837,4.680901,https://coefficient.org/national-approval-study/,5/9/2025,23:00:38 29 Sep 2026,9/29/2026,,REP,900429,219403,29sep2026
All polls,Cygnal,,5/6/2025,5/8/2025,1500.0, LV,1.18613,0.0,,47.1,46.6,0.5,46.06332,44.76633,1.296989,https://www.cygn.al/poll-aoc-more-popular-than-schumer-trump-image-improving-republicans-decimating-democrats-on-key-issue-trust-and-more/,5/8/2025,23:00:38 29 Sep 2026,9/29/2026,,,89881,219394,29sep2026
All polls,AtlasIntel,,5/4/2026,5/7/2026,2069.0, A,1.315043,0.0,,54.6,40.1,14.5,51.29121,40.75962,10.53159,https://www.atlasintel.org/poll/usa-national-2026-05-11,5/12/2026,23:00:38 29 Sep 2026,9/29/2026,,,901449,9014493,29sep2026
All polls,Cygnal,Conservative Energy Network,5/4/2026,5/7/2026,1500.0, LV,1.10257,0.0,,48.0,41.0,7.0,47.134,38.99566,8.13834,https://conservativeenergynetwork.org/new-national-poll-americans-demand-action-on-rising-energy-costs-support-modernizing-the-grid-and-expanding-domestic-energy-production/,5/27/2026,23:00:38 29 Sep 2026,9/29/2026,,REP,901493,9014931,29sep2026
All polls,RMG Research,Napolitan News Service,5/4/2026,5/6/2026,2000.0, RV,0.6801558,0.0,,50.0,41.0,9.0,50.35441,38.39907,11.95534,https://napolitannews.org/posts/generic-ballot-dem-50-percent-gop-41-dems-also-more-enthusiastic,5/8/2026,23:00:38 29 Sep 2026,9/29/2026,,,901441,9014411,29sep2026
All polls,Cygnal,,5/5/2026,5/6/2026,1500.0, LV,1.10257,0.0,,48.5,42.4,6.099998,47.46333,40.56633,6.896999,https://www.cygn.al/polls/may-2026-national-voter-trends-nvt-poll/,5/13/2026,23:00:38 29 Sep 2026,9/29/2026,,,901455,9014552,29sep2026
All polls,Verasight,Strength In Numbers,5/1/2025,5/6/2025,1000.0, A,0.5373484,0.0,,47.0,41.0,6.0,45.17691,40.83598,4.340931,https://www.gelliottmorris.com/p/new-poll-americans-oppose-trumps,5/6/2025,23:00:38 29 Sep 2026,9/29/2026,,,89882,219395,29sep2026
All polls,Focaldata,Financial Times,5/1/2026,5/5/2026,3167.0, RV,0.7680153,0.0,,49.0,42.0,7.0,48.14543,41.19669,6.948742,https://www.focaldata.com/blog/democrats-lead-economy-focaldata-financial-times-poll,5/11/2026,23:00:38 29 Sep 2026,9/29/2026,,,901444,9014444,29sep2026
All polls,HarrisX,Forbes,4/29/2026,5/5/2026,1891.0, LV,0.4879561,0.0,,48.0,42.0,6.0,46.77025,37.766,9.00425,https://www.harrisx.com/posts/forbes-and-harrisx-partner-on-new-american-confidence-survey-as-gallup-ends-approval-polling,5/5/2026,23:00:38 29 Sep 2026,9/29/2026,,,901435,9014356,29sep2026
All polls,CNN/SSRS,,4/30/2026,5/4/2026,1156.0, RV,0.647015,0.0,,45.0,42.0,3.0,44.84424,41.7323,3.111938,https://www.cnn.com/2026/05/12/politics/cnn-poll-midterms-affordability-politics-impact,5/12/2026,23:00:38 29 Sep 2026,9/29/2026,,,901448,9014483,29sep2026
All polls,YouGov,Economist,5/1/2026,5/4/2026,1409.0, RV,0.2023932,0.0,,44.0,41.0,3.0,45.95691,42.48661,3.470299,https://d3nkl3psvxxpe9.cloudfront.net/documents/econTabReport_i4K4elJ.pdf,5/5/2026,23:00:38 29 Sep 2026,9/29/2026,,,901429,9014295,29sep2026
All polls,Morning Consult,,4/28/2025,5/4/2025,25876.0, RV,0.1429972,0.0,,44.38,43.51,0.8700027,46.21125,42.92994,3.281311,https://pro.morningconsult.com/trackers/2026-midterm-election-generic-ballot-polls,12/15/2025,23:00:38 29 Sep 2026,9/29/2026,,,90847,908461,29sep2026
All polls,HarrisX/Harris Poll,Harvard CAPS,5/29/2026,5/31/2026,, LV,0.4030475,0.0,,52.0,48.0,4.0,50.77025,43.766,7.00425,https://harvardharrispoll.com/key-results-may-2026/,6/2/2026,23:00:38 29 Sep 2026,9/29/2026,,,901509,9015095,29sep2026
All polls,Morning Consult,,5/25/2026,5/31/2026,30379.0, RV,0.1615183,0.0,,45.4,42.2,3.200001,47.23125,41.61994,5.611309,https://intel.morningconsult.com/mc-content/trackers/2026-midterm-election-generic-ballot-polls,6/10/2026,23:00:38 29 Sep 2026,9/29/2026,,,901538,9015381,29sep2026
All polls,Morning Consult,,4/27/2026,5/3/2026,27846.0, RV,0.144581,0.0,,45.6,42.7,2.899998,47.43124,42.11994,5.311298,https://pro-assets.morningconsult.com/wp-uploads/2026/08/MCPI-PI-Weekly.html,8/24/2026,23:00:38 29 Sep 2026,9/29/2026,,,901751,9017511,29sep2026
All polls,Morning Consult,,5/1/2026,5/3/2026,2200.0, RV,0.0526957,0.0,,46.0,43.0,3.0,47.83125,42.41994,5.411308,https://pro.morningconsult.com/trackers/donald-trump-congress-policy-republicans-polling,5/5/2026,23:00:38 29 Sep 2026,9/29/2026,,,901431,9014312,29sep2026
All polls,TIPP Insights,Issues & Insights,5/26/2026,5/28/2026,1332.0, RV,1.335038,0.0,,46.0,41.0,5.0,46.95798,40.79203,6.165951,https://issuesinsights.com/2026/06/15/does-either-party-have-an-edge-in-2026-midterms-and-2028-presidential-election-ii-tipp-poll/,6/15/2026,23:00:38 29 Sep 2026,9/29/2026,,,901553,9015531,29sep2026
All polls,AtlasIntel,,5/21/2025,5/27/2025,3469.0, A,1.465722,0.0,,50.9,41.7,9.200001,47.59121,42.35962,5.23159,https://cdn.atlasintel.org/20c89f8f-d65e-4991-a491-388ae96986c9.pdf,5/27/2025,23:00:38 29 Sep 2026,9/29/2026,,,900464,219652,29sep2026
All polls,YouGov,Economist,5/22/2026,5/26/2026,1397.0, RV,0.2095557,0.0,,46.0,41.0,5.0,47.95691,42.48661,5.470299,https://d3nkl3psvxxpe9.cloudfront.net/documents/econTabReport_aWdgoE7.pdf,5/27/2026,23:00:38 29 Sep 2026,9/29/2026,,,901492,9014924,29sep2026
All polls,Marquette University Law School,,5/20/2026,5/26/2026,576.0, LV,1.116591,0.0,,49.0,48.0,1.0,46.50988,46.43956,0.0703201,https://law.marquette.edu/poll/2026/06/03/detailed-results-of-the-marquette-law-school-supreme-court-poll-may-20-26-2026-national-issues/,6/3/2026,23:00:38 29 Sep 2026,9/29/2026,,,901511,9015115,29sep2026
All polls,YouGov,Pennsylvania State University McCourtney Institute for Democracy,5/19/2026,5/26/2026,862.0, RV,0.1715005,0.0,,41.0,37.0,4.0,42.95691,38.48661,4.470299,https://democracy.psu.edu/poll-report-archive/fewer-than-four-in-ten-americans-think-president-trump-is-doing-a-good-job/,6/4/2026,23:00:38 29 Sep 2026,9/29/2026,,,901516,9015161,29sep2026
All polls,YouGov,The Economist,5/23/2025,5/26/2025,1486.0, RV,0.2832384,0.0,,43.0,41.0,2.0,44.95691,42.48661,2.470299,https://today.yougov.com/topics/politics/trackers/congressional-ballot-voting-intention,5/26/2025,23:00:38 29 Sep 2026,9/29/2026,,,90016,221730,29sep2026
All polls,McLaughlin & Associates,,5/21/2025,5/26/2025,1000.0, LV,0.2137732,0.0,,43.0,47.0,-4.0,44.5128,45.18839,-0.6755905,https://mclaughlinonline.com/pols/wp-content/uploads/2025/05/National-May-Presentation-RELEASE-05-27-25.pdf,5/26/2025,23:00:38 29 Sep 2026,9/29/2026,,,90022,219637,29sep2026
All polls,Emerson College,,5/24/2026,5/25/2026,1000.0, LV,1.005906,0.0,,49.8,41.3,8.5,49.47714,41.75616,7.720978,https://emersoncollegepolling.com/may-2026-national-poll/,5/28/2026,23:00:38 29 Sep 2026,9/29/2026,,,901495,9014952,29sep2026
All polls,Morning Consult,,5/19/2025,5/25/2025,28855.0, RV,0.1518102,0.0,,43.21,44.82,-1.610001,45.04124,44.23994,0.8013,https://pro.morningconsult.com/trackers/2026-midterm-election-generic-ballot-polls,12/15/2025,23:00:38 29 Sep 2026,9/29/2026,,,90850,908491,29sep2026
All polls,Morning Consult,,5/18/2026,5/24/2026,29255.0, RV,0.1563672,0.0,,45.5,42.3,3.200001,47.33125,41.71994,5.611309,https://intel.morningconsult.com/mc-content/trackers/2026-midterm-election-generic-ballot-polls,5/31/2026,23:00:38 29 Sep 2026,9/29/2026,,,901503,9015031,29sep2026
All polls,Bedrock Polling,Third Way,5/20/2026,5/24/2026,1776.0, RV,0.9660645,0.0,,46.0,41.0,5.0,46.48187,41.13713,5.344738,https://www.thirdway.org/memo/americans-blame-the-government-for-high-health-costs-and-want-it-to-rein-in-the-industry,8/11/2026,23:00:38 29 Sep 2026,9/29/2026,,,901714,9017142,29sep2026
All polls,John Zogby Strategies,,5/21/2026,5/22/2026,1000.0, LV,0.7241585,0.0,,49.2,42.0,7.200001,49.17722,41.58836,7.58886,https://johnzogbystrategies.com/the-latest-zogby-political-poll-trump-economic-concerns-war-trends-05-22-26/,5/22/2026,23:00:38 29 Sep 2026,9/29/2026,,,901484,9014842,29sep2026
All polls,RMG Research,Napolitan Institute,5/20/2025,5/21/2025,1000.0, RV,0.5105906,0.0,,48.0,45.0,3.0,48.35441,42.39907,5.955338,https://napolitannews.org/posts/generic-ballot-gop-43-percent-dem-43,5/21/2025,23:00:38 29 Sep 2026,9/29/2026,,,90014,219587,29sep2026
All polls,Rasmussen Reports,,5/13/2026,5/20/2026,2161.0, LV,1.150586,0.0,,47.0,41.0,6.0,48.09195,40.78631,7.305641,https://www.rasmussenreports.com/public_content/politics/mood_of_america/generic_congressional_ballot_may25,6/10/2026,23:00:38 29 Sep 2026,9/29/2026,,REP,901534,9015341,29sep2026
All polls,Verasight/Morris Predictive Insights,Unite Here,5/18/2026,5/20/2026,2000.0, A,0.4092856,0.0,,52.0,41.0,11.0,50.17691,40.83598,9.340931,https://www.politico.com/newsletters/playbook/2026/05/22/pod-save-nobody-00933436,5/22/2026,23:00:38 29 Sep 2026,9/29/2026,,,901483,9014832,29sep2026
All polls,Verasight,Strength in Numbers,5/18/2026,5/19/2026,1413.0, RV,0.4248189,0.0,,51.0,43.0,8.0,49.17691,42.83598,6.340931,https://www.gelliottmorris.com/p/2026-05-26-may-strength-in-numbers-verasight-poll,5/26/2026,23:00:38 29 Sep 2026,9/29/2026,,,901490,9014904,29sep2026
All polls,YouGov,Economist,5/16/2025,5/19/2025,1558.0, RV,0.3091904,0.0,,43.0,42.0,1.0,44.95691,43.48661,1.470299,https://today.yougov.com/topics/politics/trackers/congressional-ballot-voting-intention,11/25/2025,23:00:38 29 Sep 2026,9/29/2026,,,900442,907951,29sep2026
All polls,YouGov,The Economist,5/16/2025,5/19/2025,1558.0, RV,0.3091904,0.0,,43.0,42.0,1.0,44.95691,43.48661,1.470299,https://today.yougov.com/topics/politics/trackers/congressional-ballot-voting-intention,5/19/2025,23:00:38 29 Sep 2026,9/29/2026,,,89897,221729,29sep2026
All polls,Fabrizio Ward,Pinpoint Policy Institute,5/15/2025,5/19/2025,800.0, RV,0.9952917,0.0,,42.0,42.0,0.0,42.76348,42.18809,0.5753899,https://pinpointpolicyinstitute.org/pinpoint-policy-institute-quarterly-economic-tracking-poll/,5/19/2025,23:00:38 29 Sep 2026,9/29/2026,,,900471,219660,29sep2026
All polls,YouGov,Economist,5/15/2026,5/18/2026,1380.0, RV,0.2039198,0.0,,46.0,43.0,3.0,47.95691,44.48661,3.470299,https://d3nkl3psvxxpe9.cloudfront.net/documents/econTabReport_YTE4G2g.pdf,5/19/2026,23:00:38 29 Sep 2026,9/29/2026,,,901467,9014675,29sep2026
All polls,Ipsos,Reuters,5/15/2026,5/18/2026,984.0, RV,0.2864887,0.0,,39.0,38.0,1.0,43.97495,41.39795,2.577,https://www.ipsos.com/en-us/americas-frustration-cost-living-continues-rise,5/19/2026,23:00:38 29 Sep 2026,9/29/2026,,,901469,9014695,29sep2026
All polls,The Rainey Center,,5/17/2026,5/18/2026,1000.0, LV,0.9496727,0.0,,45.0,43.0,2.0,45.81645,42.57722,3.239227,https://www.raineycenter.org/polling/data-centers-voters-are-persuadable-but-they-want-accountability-and-clean-energy,6/19/2026,23:00:38 29 Sep 2026,9/29/2026,,,901568,9015681,29sep2026
All polls,Data for Progress,,5/15/2026,5/18/2026,1149.0, LV,0.5775459,0.0,,51.0,43.0,8.0,49.68301,42.10869,7.574322,https://www.dataforprogress.org/blog/2026/5/21/democrats-lead-the-generic-ballot-by-8-points-as-midterms-approach,5/21/2026,23:00:38 29 Sep 2026,9/29/2026,,,901478,90147813,29sep2026
All polls,Impact Research/National Research ,Wall Street Journal,5/7/2026,5/18/2026,1500.0, RV,0.9035828,0.0,,48.0,40.0,8.0,48.05372,40.11832,7.935398,https://www.wsj.com/politics/policy/trump-republican-congress-control-98a13bd9,5/24/2026,23:00:38 29 Sep 2026,9/29/2026,,,901486,9014864,29sep2026
All polls,McLaughlin & Associates,,5/12/2026,5/18/2026,1000.0, LV,0.3205436,0.0,,46.0,42.0,4.0,47.5128,40.18839,7.324409,https://mclaughlinonline.com/2026/05/22/national-monthly-may-2026/,5/23/2026,23:00:38 29 Sep 2026,9/29/2026,,,901485,9014851,29sep2026
All polls,McLaughlin & Associates,America's New Majority Project,5/14/2026,5/18/2026,2000.0, RV,0.3467291,0.0,,39.0,36.0,3.0,40.68332,34.01787,6.665447,https://www.americasnewmajorityproject.net/p/democrat-lawmakers-are-taking-positions,6/17/2026,23:00:38 29 Sep 2026,9/29/2026,,REP,901560,9015601,29sep2026
All polls,Quinnipiac University,,5/14/2026,5/18/2026,1106.0, RV,0.9193398,0.0,,50.0,39.0,11.0,49.17017,39.71339,9.456779,https://poll.qu.edu/poll-release?releaseid=3959,5/21/2026,23:00:38 29 Sep 2026,9/29/2026,,,901477,9014773,29sep2026
All polls,Echelon Insights,,5/14/2026,5/18/2026,1008.0, LV,0.8581508,0.0,,51.0,43.0,8.0,49.81993,40.52382,9.296112,https://echeloninsights.com/insights/may-2026-verified-voter-omnibus,5/19/2026,23:00:38 29 Sep 2026,9/29/2026,,,901468,9014682,29sep2026
All polls,Ipsos,Reuters,5/16/2025,5/18/2025,885.0, RV,0.4448302,0.0,,40.0,39.0,1.0,44.97495,42.39795,2.577,https://www.reuters.com/data/which-party-do-americans-want-run-congress-2025-11-05/,12/15/2025,23:00:38 29 Sep 2026,9/29/2026,,,900443,908251,29sep2026
All polls,Morning Consult,,5/12/2025,5/18/2025,28103.0, RV,0.1493461,0.0,,43.26,44.45,-1.190002,45.09124,43.86994,1.221298,https://pro.morningconsult.com/trackers/2026-midterm-election-generic-ballot-polls,12/15/2025,23:00:38 29 Sep 2026,9/29/2026,,,90849,908481,29sep2026
All polls,Morning Consult,,5/11/2026,5/17/2026,28525.0, RV,0.1520905,0.0,,45.5,42.3,3.200001,47.33125,41.71994,5.611309,https://intel.morningconsult.com/mc-content/trackers/2026-midterm-election-generic-ballot-polls,5/22/2026,23:00:38 29 Sep 2026,9/29/2026,,,901481,9014811,29sep2026
All polls,Morning Consult,,5/15/2026,5/17/2026,2203.0, RV,0.0550695,0.0,,47.0,41.0,6.0,48.83125,40.41994,8.411308,https://intel.morningconsult.com/mc-content/trackers/donald-trump-congress-policy-republicans-polling,5/22/2026,23:00:38 29 Sep 2026,9/29/2026,,,901480,9014802,29sep2026
All polls,Rasmussen Reports,,5/14/2025,5/16/2025,1012.0, LV,1.044061,0.0,,45.0,44.0,1.0,46.09195,43.78631,2.305641,https://www.rasmussenreports.com/public_content/archive/mood_of_america_archive/generic_congressional_ballot/democrats_have_slim_lead_in_early_2026_congressional_forecast,11/13/2025,23:00:38 29 Sep 2026,9/29/2026,,REP,90779,907791,29sep2026
All polls,YouGov,CBS News,5/13/2026,5/15/2026,1397.0, LV,0.2479759,0.0,,45.0,40.0,5.0,46.95691,41.48661,5.470299,https://www.cbsnews.com/news/redistricting-elections-opinion-poll-19-may-2026/,5/20/2026,23:00:38 29 Sep 2026,9/29/2026,,,901460,9014603,29sep2026
All polls,The New York Times/Siena College,,5/11/2026,5/15/2026,1507.0, RV,1.416832,0.0,,50.0,39.0,11.0,49.27296,38.59027,10.68269,https://www.nytimes.com/interactive/2026/05/18/polls/times-siena-national-poll-toplines.html,5/18/2026,23:00:38 29 Sep 2026,9/29/2026,,,901463,9014633,29sep2026
All polls,Echelon Insights,,5/8/2025,5/12/2025,1000.0, LV,0.9059898,0.0,,47.0,48.0,-1.0,45.81993,45.52382,0.2961121,https://echeloninsights.com/in-the-news/may-2025-verified-voter-omnibus-2-2-2-2-2/,5/12/2025,23:00:38 29 Sep 2026,9/29/2026,,,900421,219377,29sep2026
All polls,YouGov,Economist,5/9/2026,5/11/2026,1410.0, RV,0.2032853,0.0,,45.0,40.0,5.0,46.95691,41.48661,5.470299,https://d3nkl3psvxxpe9.cloudfront.net/documents/econTabReport_ONiR6Nb.pdf,5/12/2026,23:00:38 29 Sep 2026,9/29/2026,,,901447,9014475,29sep2026
All polls,Ipsos,Reuters,5/8/2026,5/11/2026,993.0, RV,0.2854217,0.0,,41.0,35.0,6.0,45.97495,38.39795,7.577,https://www.ipsos.com/en-us/two-thirds-say-rising-gas-prices-have-affected-their-household-finances,5/11/2026,23:00:38 29 Sep 2026,9/29/2026,,,901445,9014455,29sep2026
All polls,Morning Consult,,5/5/2025,5/11/2025,27882.0, RV,0.1480623,0.0,,43.35,44.53,-1.18,45.18124,43.94994,1.2313,https://pro.morningconsult.com/trackers/2026-midterm-election-generic-ballot-polls,12/15/2025,23:00:38 29 Sep 2026,9/29/2026,,,90848,908471,29sep2026
All polls,Morning Consult,,5/4/2026,5/10/2026,28573.0, RV,0.149295,0.0,,45.4,42.3,3.100002,47.23125,41.71994,5.511311,https://pro-assets.morningconsult.com/wp-uploads/2026/08/MCPI-PI-Weekly.html,8/24/2026,23:00:38 29 Sep 2026,9/29/2026,,,901757,9017571,29sep2026
All polls,Change Research,,5/5/2026,5/10/2026,2244.0, RV,0.5590022,0.0,,45.0,42.0,3.0,46.51202,42.51713,3.994888,https://portal.changeresearch.com/portal/projects/07dc6ff6-bb96-4bc5-a138-90b0ab3b22db,6/15/2026,23:00:38 29 Sep 2026,9/29/2026,,,901552,9015522,29sep2026
All polls,RMG Research,Napolitan News Service,4/6/2026,4/9/2026,2000.0, RV,0.6677985,0.0,,49.0,44.0,5.0,49.35441,41.39907,7.955338,https://napolitannews.org/posts/generic-ballot-dem-45-percent-gop-42-dems-also-more-enthusiastic,4/10/2026,23:00:38 29 Sep 2026,9/29/2026,,,901349,9013491,29sep2026
All polls,Echelon Insights,NetChoice,4/3/2026,4/9/2026,2880.0, LV,1.224187,0.0,,50.0,45.0,5.0,48.81993,42.52382,6.296112,https://netchoice.org/wp-content/uploads/2026/04/NetChoice-Apr-2026-National-Antitrust-Survey-Topline.pdf,4/21/2026,23:00:38 29 Sep 2026,9/29/2026,,,901377,9013772,29sep2026
All polls,Morning Consult,,4/6/2026,4/9/2026,2200.0, RV,0.0504811,0.0,,46.0,42.0,4.0,47.83125,41.41994,6.411308,https://pro.morningconsult.com/trackers/donald-trump-congress-policy-republicans-polling,4/15/2026,23:00:38 29 Sep 2026,9/29/2026,,,901357,9013572,29sep2026
All polls,Tavern Research,,4/6/2026,4/9/2026,502.0, LV,0.8057504,0.0,,44.0,43.0,1.0,44.83973,42.73084,2.108891,https://www.tavernresearch.com/research-and-writings/cutting-room-floor-april-10-2026,5/12/2026,23:00:38 29 Sep 2026,9/29/2026,,,901452,9014521,29sep2026
All polls,YouGov,The Economist,4/5/2025,4/8/2025,1558.0, RV,0.5640653,0.0,,43.0,42.0,1.0,44.95691,43.48661,1.470299,https://d3nkl3psvxxpe9.cloudfront.net/documents/econtoplines_Emo4hnf.pdf,4/8/2025,23:00:38 29 Sep 2026,9/29/2026,,,89690,219142,29sep2026
All polls,Change Research,,4/3/2026,4/7/2026,2702.0, RV,0.5463405,0.0,,47.0,42.0,5.0,48.51202,42.51713,5.994888,https://changeresearch.com/who-do-voters-want-in-2028/,5/14/2026,23:00:38 29 Sep 2026,9/29/2026,,,901415,9014153,29sep2026
All polls,YouGov,Economist,4/3/2026,4/6/2026,1560.0, RV,0.2015144,0.0,,44.0,42.0,2.0,45.95691,43.48661,2.470299,https://d3nkl3psvxxpe9.cloudfront.net/documents/econTabReport_SVRZJH8.pdf,4/7/2026,23:00:38 29 Sep 2026,9/29/2026,,,901334,9013345,29sep2026
All polls,Morning Consult,,4/3/2026,4/6/2026,2200.0, RV,0.050078,0.0,,45.0,42.0,3.0,46.83125,41.41994,5.411308,https://pro.morningconsult.com/trackers/donald-trump-congress-policy-republicans-polling,4/7/2026,23:00:38 29 Sep 2026,9/29/2026,,,901336,9013362,29sep2026
All polls,Morning Consult,,3/31/2025,4/6/2025,25977.0, RV,0.1445462,0.0,,43.68,43.99,-0.3100014,45.51125,43.40994,2.101311,https://pro.morningconsult.com/trackers/2026-midterm-election-generic-ballot-polls,12/15/2025,23:00:38 29 Sep 2026,9/29/2026,,,90843,908421,29sep2026
All polls,Morning Consult,,3/30/2026,4/5/2026,27594.0, RV,0.136346,0.0,,45.0,42.4,2.599998,46.83125,41.81994,5.011311,https://pro.morningconsult.com/trackers/2026-midterm-election-generic-ballot-polls,4/21/2026,23:00:38 29 Sep 2026,9/29/2026,,,901372,9013721,29sep2026
All polls,Marist University,NPR | PBS News,4/27/2026,4/30/2026,1155.0, RV,1.104741,0.0,,52.0,42.0,10.0,49.39027,41.89813,7.492142,https://maristpoll.marist.edu/polls/president-trump-while-at-war-may-2026/,5/6/2026,23:00:38 29 Sep 2026,9/29/2026,,,901433,9014334,29sep2026
All polls,Wick,2Way,4/29/2025,4/30/2025,1000.0, RV,0.9714795,0.0,,42.0,39.0,3.0,42.79268,39.9036,2.88908,https://my.wick.io/analysis/shared/item/859BF9A4-407C-4E48-9DCF-C5F6A33B0CDA/view,11/13/2025,23:00:38 29 Sep 2026,9/29/2026,,,900757,907781,29sep2026
All polls,Cygnal,,4/2/2026,4/3/2026,1500.0, LV,1.098896,0.0,,48.8,43.3,5.5,47.76332,41.46633,6.296989,https://www.cygn.al/wp-content/uploads/2026/04/23738-Cygnal-National-Apr26-NVT-Deck-Public.pdf,4/8/2026,23:00:38 29 Sep 2026,9/29/2026,,,901340,9013402,29sep2026
All polls,Yale University Institution for Social and Policy Studies,,4/1/2025,4/3/2025,4100.0, RV,1.14198,0.0,,43.3,41.7,1.599998,44.20672,41.61649,2.590229,https://youthpoll.yale.edu/spring-2025-results,4/3/2025,23:00:38 29 Sep 2026,9/29/2026,,,89744,219144,29sep2026
All polls,Cygnal,,4/1/2025,4/3/2025,1500.0, LV,1.208816,0.0,,47.5,46.5,1.0,46.46333,44.66633,1.797001,https://www.cygn.al/poll-democrats-continue-to-struggle-as-trump-maintains-strong-approval-even-in-light-of-tariffs/,4/3/2025,23:00:38 29 Sep 2026,9/29/2026,,,900331,219140,29sep2026
All polls,McLaughlin & Associates,,4/22/2025,4/29/2025,1000.0, LV,0.2458768,0.0,,43.0,45.0,-2.0,44.5128,43.18839,1.324409,https://mclaughlinonline.com/pols/wp-content/uploads/2025/05/National-April-Presentation-RELEASE-04-29-25.pdf,4/29/2025,23:00:38 29 Sep 2026,9/29/2026,,,89825,219310,29sep2026
All polls,Ipsos,The Washington Post | ABC News,4/24/2026,4/28/2026,2059.0, RV,0.3702812,0.0,,49.0,44.0,5.0,53.97495,47.39795,6.577,https://www.washingtonpost.com/politics/2026/05/03/trump-approval-ratings-poll/ ,5/4/2026,23:00:38 29 Sep 2026,9/29/2026,,,901417,9014174,29sep2026
All polls,Public Opinion Strategies,CoinDesk,4/21/2026,4/27/2026,1000.0, RV,1.202772,0.0,,44.0,41.0,3.0,44.84737,40.76434,4.083031,https://www.coindesk.com/policy/2026/05/03/crypto-is-at-the-bottom-of-u-s-voters-priorities-heading-into-the-midterm-coindesk-survey-shows,5/4/2026,23:00:38 29 Sep 2026,9/29/2026,,,901419,9014191,29sep2026
All polls,Morning Consult,,4/24/2026,4/27/2026,2201.0, RV,0.0519627,0.0,,45.0,43.0,2.0,46.83125,42.41994,4.411308,https://pro.morningconsult.com/trackers/donald-trump-congress-policy-republicans-polling,4/27/2026,23:00:38 29 Sep 2026,9/29/2026,,,901397,9013972,29sep2026
All polls,Ipsos,Reuters,4/24/2026,4/27/2026,1014.0, RV,0.2789181,0.0,,41.0,37.0,4.0,45.97495,40.39795,5.577,https://www.ipsos.com/en-us/americans-increasingly-feel-economy-wrong-track,4/28/2026,23:00:38 29 Sep 2026,9/29/2026,,,901403,9014035,29sep2026
All polls,YouGov,Economist,4/24/2026,4/27/2026,1647.0, RV,0.2133875,0.0,,46.0,41.0,5.0,47.95691,42.48661,5.470299,https://d3nkl3psvxxpe9.cloudfront.net/documents/econTabReport_Ty7ikPd.pdf,4/28/2026,23:00:38 29 Sep 2026,9/29/2026,,,901399,9013995,29sep2026
All polls,Morning Consult,,4/21/2025,4/27/2025,25544.0, RV,0.1417113,0.0,,44.09,43.14,0.9500008,45.92125,42.55994,3.361309,https://pro.morningconsult.com/trackers/2026-midterm-election-generic-ballot-polls,12/15/2025,23:00:38 29 Sep 2026,9/29/2026,,,90846,908451,29sep2026
All polls,NewsNation,,4/23/2025,4/27/2025,1448.0, RV,0.9621595,0.0,,45.0,40.0,5.0,45.00562,39.65121,5.354408,https://www.newsnationnow.com/politics/recession-inflation-immigration-ddhq-poll/,4/27/2025,23:00:38 29 Sep 2026,9/29/2026,,,900398,219154,29sep2026
All polls,Ipsos,Reuters,4/25/2025,4/27/2025,897.0, RV,0.4961865,0.0,,40.0,39.0,1.0,44.97495,42.39795,2.577,https://www.reuters.com/data/which-party-do-americans-want-run-congress-2025-11-05/,12/15/2025,23:00:38 29 Sep 2026,9/29/2026,,,900394,908261,29sep2026
All polls,Morning Consult,,4/20/2026,4/26/2026,28235.0, RV,0.143076,0.0,,44.9,42.4,2.5,46.73125,41.81994,4.911312,https://pro.morningconsult.com/trackers/2026-midterm-election-generic-ballot-polls,4/28/2026,23:00:38 29 Sep 2026,9/29/2026,,,901401,9014011,29sep2026
All polls,HarrisX,Harvard CAPS,4/23/2026,4/26/2026,1963.0, LV,0.5035129,0.0,,50.0,50.0,0.0,48.77025,45.766,3.00425,https://harvardharrispoll.com/key-results-april-2026/,4/28/2026,23:00:38 29 Sep 2026,9/29/2026,,,901402,9014026,29sep2026
All polls,Emerson College,,4/24/2026,4/26/2026,1000.0, LV,1.035419,0.0,,50.3,40.2,10.1,49.97714,40.65616,9.32098,https://emersoncollegepolling.com/april-2026-national-poll/,4/29/2026,23:00:38 29 Sep 2026,9/29/2026,,,901405,9014052,29sep2026
All polls,Clarity Campaign Labs,,4/15/2026,4/24/2026,1000.0, LV,0.9189669,0.0,,50.0,45.0,5.0,48.61919,43.91867,4.70052,https://www.claritycampaigns.com/clarity-omnibus-2026-april,5/5/2026,23:00:38 29 Sep 2026,9/29/2026,,,901432,9014322,29sep2026
All polls,The New York Times/Siena College,,4/21/2025,4/24/2025,913.0, RV,1.201842,0.0,,47.0,44.0,3.0,46.27296,43.59027,2.68269,https://www.nytimes.com/2025/04/25/us/politics/trump-poll-approval.html,4/24/2025,23:00:38 29 Sep 2026,9/29/2026,,,900377,219152,29sep2026
All polls,The Argument/Verasight,,4/20/2026,4/23/2026,1516.0, RV,0.7824832,0.0,,53.0,47.0,6.0,49.74769,43.63861,6.109077,https://www.theargumentmag.com/p/why-democrats-cant-win-more-trump,4/29/2026,23:00:38 29 Sep 2026,9/29/2026,,,901406,9014062,29sep2026
All polls,Quantus Insights,,4/21/2026,4/23/2026,1452.0, LV,0.7008166,0.0,,46.5,42.3,4.200001,46.7044,41.83927,4.865128,https://quantusinsights.org/f/quantus-survey-a-divided-electorate-a-narrow-democratic-edge,4/24/2026,23:00:38 29 Sep 2026,9/29/2026,,,901394,9013942,29sep2026
All polls,Beacon Research/Shaw & Co. Research,Fox News,4/18/2025,4/21/2025,1104.0, RV,1.212213,0.0,,49.0,42.0,7.0,47.07741,40.40751,6.669903,https://www.foxnews.com/official-polls/fox-news-poll-democrats-favorability-hits-new-low-still-favored-over-gop-2026-midterms,4/21/2025,23:00:38 29 Sep 2026,9/29/2026,,,89718,219153,29sep2026
All polls,Beacon Research/Shaw & Company Research,FOX News,4/17/2026,4/20/2026,1001.0, RV,1.124965,0.0,,52.0,47.0,5.0,50.07741,45.40751,4.669903,https://www.foxnews.com/politics/fox-news-poll-economic-gloom-trump-ratings-signal-tough-gop-midterm-path,4/23/2026,23:00:38 29 Sep 2026,9/29/2026,,,901387,9013872,29sep2026
All polls,Ipsos,Reuters,4/15/2026,4/20/2026,3577.0, RV,0.4686728,0.0,,41.0,38.0,3.0,45.97495,41.39795,4.577,https://www.ipsos.com/en-us/americans-remain-skeptical-trumps-handling-inflation,4/21/2026,23:00:38 29 Sep 2026,9/29/2026,,,901376,9013764,29sep2026
All polls,Echelon Insights,,4/17/2026,4/20/2026,1012.0, LV,0.8186526,0.0,,50.0,44.0,6.0,48.81993,41.52382,7.296112,https://echeloninsights.com/insights/april-2026-verified-voter-omnibus,4/21/2026,23:00:38 29 Sep 2026,9/29/2026,,,901381,9013813,29sep2026
All polls,Morning Consult,,4/17/2026,4/20/2026,2203.0, RV,0.0513621,0.0,,45.0,42.0,3.0,46.83125,41.41994,5.411308,https://pro.morningconsult.com/trackers/donald-trump-congress-policy-republicans-polling,4/20/2026,23:00:38 29 Sep 2026,9/29/2026,,,901369,9013692,29sep2026
All polls,YouGov,Economist,4/17/2026,4/20/2026,1553.0, RV,0.2067935,0.0,,45.0,40.0,5.0,46.95691,41.48661,5.470299,https://d3nkl3psvxxpe9.cloudfront.net/documents/econTabReport_I24AWdp.pdf,4/21/2026,23:00:38 29 Sep 2026,9/29/2026,,,901380,9013805,29sep2026
All polls,Morning Consult,,4/14/2025,4/20/2025,26905.0, RV,0.1443089,0.0,,44.04,43.36,0.6800003,45.87125,42.77994,3.091309,https://pro.morningconsult.com/trackers/2026-midterm-election-generic-ballot-polls,12/15/2025,23:00:38 29 Sep 2026,9/29/2026,,,90845,908441,29sep2026
All polls,KFF,,4/14/2026,4/19/2026,1107.0, RV,1.009139,0.0,,43.0,34.0,9.0,43.58438,35.3872,8.197182,https://www.kff.org/public-opinion/kff-health-tracking-poll-health-care-costs-and-the-midterms/,4/29/2026,23:00:38 29 Sep 2026,9/29/2026,,,901407,9014071,29sep2026
All polls,Morning Consult,,4/13/2026,4/19/2026,27869.0, RV,0.1409862,0.0,,44.6,42.3,2.299999,46.43124,41.71994,4.7113,https://pro.morningconsult.com/trackers/2026-midterm-election-generic-ballot-polls,4/21/2026,23:00:38 29 Sep 2026,9/29/2026,,,901374,9013741,29sep2026
All polls,Hart Research Associates/Public Opinion Strategies,CNBC,4/15/2026,4/19/2026,1000.0, RV,0.9908994,0.0,,49.0,45.0,4.0,47.61833,43.06536,4.552967,https://www.cnbc.com/2026/04/23/trumps-approval-rating-on-economy-and-overall-falls-to-lowest-of-his-two-terms-cnbc-survey-shows.html,4/23/2026,23:00:38 29 Sep 2026,9/29/2026,,,901388,9013882,29sep2026
All polls,McLaughlin & Associates,America's New Majority Project,4/16/2025,4/19/2025,1638.0, LV,0.3143542,0.0,,45.7,47.1,-1.399998,47.38332,45.11787,2.26545,https://americasnewmajorityproject.com/most-support-blocking-states-from-giving-medicaid-to-illegal-immigrants/,4/19/2025,23:00:38 29 Sep 2026,9/29/2026,,REP,900375,219151,29sep2026
All polls,John Zogby Strategies,,4/17/2026,4/18/2026,1001.0, LV,0.6499239,0.0,,48.3,44.4,3.899998,48.27722,43.98836,4.28886,https://johnzogbystrategies.com/wp-content/uploads/2026/04/Brand-New-Zogby-Poll-Amid-War-Confusion-04.20.26.html,4/21/2026,23:00:38 29 Sep 2026,9/29/2026,,,901370,9013702,29sep2026
All polls,Noble Predictive Insights,The Center Square,4/15/2025,4/18/2025,2527.0, RV,1.453194,0.0,,45.0,42.0,3.0,45.90514,41.86185,4.043289,https://www.thecentersquare.com/polls/,4/18/2025,23:00:38 29 Sep 2026,9/29/2026,,,89719,219149,29sep2026
All polls,Marquette University Law School,,4/8/2026,4/16/2026,576.0, LV,1.166617,0.0,,53.0,43.0,10.0,50.50988,41.43956,9.07032,https://law.marquette.edu/poll/2026/04/22/detailed-results-of-the-marquette-law-school-supreme-court-poll-april-8-16-2026-national-issues/,4/22/2026,23:00:38 29 Sep 2026,9/29/2026,,,901385,9013855,29sep2026
All polls,RMG Research,Napolitan Institute,4/16/2025,4/16/2025,1000.0, RV,0.6194792,0.0,,50.0,45.0,5.0,50.35441,42.39907,7.955338,https://napolitannews.org/posts/democrats-make-huge-gains-on-generic-ballot,4/16/2025,23:00:38 29 Sep 2026,9/29/2026,,,89745,219148,29sep2026
All polls,McLaughlin & Associates,,4/8/2026,4/15/2026,1000.0, LV,0.3307613,0.0,,47.0,43.0,4.0,48.5128,41.18839,7.324409,https://mclaughlinonline.com/pols/wp-content/uploads/2026/04/National-April-Release-Presentation-4-16-26.pdf,4/17/2026,23:00:38 29 Sep 2026,9/29/2026,,,901365,9013651,29sep2026
All polls,GBAO,Third Way,4/8/2026,4/15/2026,2000.0, RV,1.119476,0.0,,48.0,40.0,8.0,48.08323,40.78074,7.30249,https://www.thirdway.org/memo/the-cost-of-misplaced-priorities-trumps-coalition-frays,5/12/2026,23:00:38 29 Sep 2026,9/29/2026,,,901453,9014532,29sep2026
All polls,Verasight,Strength in Numbers,4/10/2026,4/14/2026,1386.0, RV,0.4640253,0.0,,50.0,43.0,7.0,48.17691,42.83598,5.340931,https://www.gelliottmorris.com/p/2026-04-21-april-strength-in-numbers-verasight-poll,4/21/2026,23:00:38 29 Sep 2026,9/29/2026,,,901375,9013754,29sep2026
All polls,Echelon Insights,,4/10/2025,4/14/2025,1014.0, LV,0.9521633,0.0,,47.0,47.0,0.0,45.81993,44.52382,1.296112,https://echeloninsights.com/in-the-news/april-2025-verified-voter-omnibus-2-2-2-2/,4/14/2025,23:00:38 29 Sep 2026,9/29/2026,,,900347,219143,29sep2026
All polls,Clarity Campaign Labs,,4/9/2025,4/14/2025,1008.0, RV,0.7158472,0.0,,44.0,45.0,-1.0,42.61919,43.91867,-1.29948,https://45840940.fs1.hubspotusercontent-na1.net/hubfs/45840940/Clarity%20Omnibus%20Overview_April%202025.pdf,4/14/2025,23:00:38 29 Sep 2026,9/29/2026,,,900355,219146,29sep2026
All polls,YouGov,Economist,4/10/2026,4/13/2026,1573.0, RV,0.2058826,0.0,,45.0,40.0,5.0,46.95691,41.48661,5.470299,https://d3nkl3psvxxpe9.cloudfront.net/documents/econTabReport_G1zNgZq.pdf,4/14/2026,23:00:38 29 Sep 2026,9/29/2026,,,901355,9013555,29sep2026
All polls,Morning Consult,,4/7/2025,4/13/2025,26749.0, RV,0.1438502,0.0,,43.54,43.98,-0.4399986,45.37125,43.39994,1.97131,https://pro.morningconsult.com/trackers/2026-midterm-election-generic-ballot-polls,12/15/2025,23:00:38 29 Sep 2026,9/29/2026,,,90844,908431,29sep2026
All polls,Hart Research Associates/Public Opinion Strategies,CNBC,4/9/2025,4/13/2025,800.0, RV,0.9632434,0.0,,48.0,46.0,2.0,46.61833,44.06536,2.552967,https://www.cnbc.com/video/2025/04/17/tariffs-weight-on-trump-approval-cnbc-survey-finds.html,4/13/2025,23:00:38 29 Sep 2026,9/29/2026,,,900354,219145,29sep2026
All polls,Survey160,,4/9/2026,4/12/2026,1539.0, RV,0.7216122,0.0,,47.0,37.0,10.0,47.14676,39.05308,8.093678,https://www.survey160.com/methodological-research-blog/survey-160-tracking-poll-april-2026,4/23/2026,23:00:38 29 Sep 2026,9/29/2026,,,901389,9013892,29sep2026
All polls,RealClear Opinion Research,,4/10/2025,4/12/2025,1000.0, RV,0.8474652,0.0,,39.8,39.2,0.5999985,41.08295,40.12033,0.9626198,https://www.realclearpolitics.com/articles/2025/04/18/rcp_poll_voters_see_campus_bias_reject_trumps_tariff_pitch_152678.html,4/12/2025,23:00:38 29 Sep 2026,9/29/2026,,,900361,219147,29sep2026
All polls,Morning Consult,,4/6/2025,4/12/2025,27410.0, RV,0.1454425,0.0,,45.6,41.8,3.799999,47.43124,41.21994,6.2113,https://pro.morningconsult.com/trackers/2026-midterm-election-generic-ballot-polls,4/21/2026,23:00:38 29 Sep 2026,9/29/2026,,,901373,9013731,29sep2026
All polls,The Winston Group,Winning the Issues,4/8/2025,4/10/2025,1000.0, RV,1.060541,0.0,,46.0,44.0,2.0,46.10452,43.74477,2.359749,https://www.winningtheissues.org/2025/04/30/winning-the-issues-april-2025-national-survey/,4/10/2025,23:00:38 29 Sep 2026,9/29/2026,,REP,900570,221306,29sep2026
All polls,"Fabrizio, Lee & Associates/Impact Research",The Wall Street Journal,3/27/2025,4/1/2025,1500.0, RV,0.8108907,0.0,,44.0,43.0,1.0,44.39488,43.23356,1.16132,https://www.wsj.com/politics/policy/trump-foreign-policy-approval-voters-poll-c0c29dd0,4/1/2025,23:00:38 29 Sep 2026,9/29/2026,,,89685,219139,29sep2026
All polls,McLaughlin & Associates,,3/4/2026,3/9/2026,1000.0, LV,0.3245663,0.0,,47.0,43.0,4.0,48.5128,41.18839,7.324409,https://mclaughlinonline.com/pols/wp-content/uploads/2026/03/National-March-Presentation-RELEASE-03-10-26.pdf,3/13/2026,23:00:38 29 Sep 2026,9/29/2026,,,901201,9012011,29sep2026
All polls,YouGov,Economist,3/6/2026,3/9/2026,1405.0, RV,0.1766461,0.0,,45.0,42.0,3.0,46.95691,43.48661,3.470299,https://d3nkl3psvxxpe9.cloudfront.net/documents/econTabReport_EcCnfRV.pdf,3/10/2026,23:00:38 29 Sep 2026,9/29/2026,,,901190,9011904,29sep2026
All polls,Clarity Campaign Labs,,3/3/2025,3/9/2025,1036.0, RV,0.6994112,0.0,,46.0,44.0,2.0,44.61919,42.91867,1.70052,https://static1.squarespace.com/static/61ae8d5e55be5c7314b4c83a/t/67d0921f11ba8d57a17670a9/1741722147070/Clarity+Omnibus+Overview+-+March+2025+PUBLIC.pdf,3/9/2025,23:00:38 29 Sep 2026,9/29/2026,,,900268,219133,29sep2026
All polls,Morning Consult,,3/3/2025,3/9/2025,27685.0, RV,0.1638943,0.0,,42.92,44.98,-2.060001,44.75124,44.39994,0.3512993,https://pro.morningconsult.com/trackers/2026-midterm-election-generic-ballot-polls,12/15/2025,23:00:38 29 Sep 2026,9/29/2026,,,90839,908381,29sep2026
All polls,Morning Consult,,3/6/2026,3/8/2026,2202.0, RV,0.0466014,0.0,,47.0,43.0,4.0,48.83125,42.41994,6.411308,https://pro.morningconsult.com/trackers/donald-trump-congress-policy-republicans-polling,3/12/2026,23:00:38 29 Sep 2026,9/29/2026,,,901196,9011962,29sep2026
All polls,Morning Consult,,3/2/2026,3/8/2026,25948.0, RV,0.124491,0.0,,44.5,42.3,2.200001,46.33125,41.71994,4.611309,https://pro.morningconsult.com/trackers/2026-midterm-election-generic-ballot-polls,3/12/2026,23:00:38 29 Sep 2026,9/29/2026,,,901198,9011981,29sep2026
All polls,McLaughlin & Associates,America's New Majority Project,3/4/2025,3/7/2025,1655.0, LV,0.3117336,0.0,,45.1,47.8,-2.700001,46.78331,45.81787,0.9654388,https://americasnewmajorityproject.com/most-americans-support-trumps-maha-agenda/,3/7/2025,23:00:38 29 Sep 2026,9/29/2026,,REP,900267,219273,29sep2026
All polls,Noble Predictive Insights,Center Square,3/2/2026,3/5/2026,2659.0, RV,1.46966,0.0,,44.0,43.0,1.0,44.90514,42.86185,2.043289,https://www.thecentersquare.com/national/article_c3795c17-be14-4566-a625-eb38b4ffc1bf.html,3/14/2026,23:00:38 29 Sep 2026,9/29/2026,,,901204,9012042,29sep2026
All polls,Cygnal,,3/3/2025,3/5/2025,1500.0, LV,1.212618,0.0,,47.4,45.9,1.5,46.36333,44.06633,2.297001,https://www.cygn.al/poll-48-percent-support-trump-negotiating-settlement-to-war-in-ukraine-as-optimism-at-home-rises/,3/5/2025,23:00:38 29 Sep 2026,9/29/2026,,,900272,219134,29sep2026
All polls,Cygnal,,3/3/2026,3/4/2026,1500.0, LV,1.048102,0.0,,49.0,44.8,4.200001,47.96333,42.96633,4.996998,https://www.cygn.al/wp-content/uploads/2026/03/23673-Cygnal-National-Mar26-NVT-Deck-Public.pdf,3/9/2026,23:00:38 29 Sep 2026,9/29/2026,,,901188,9011881,29sep2026
All polls,RMG Research,Napolitan News Service,3/2/2026,3/4/2026,2000.0, RV,0.6428904,0.0,,46.0,46.0,0.0,46.35441,43.39907,2.955338,https://napolitannews.org/posts/generic-ballot-dem-44-percent-gop-43-dems-also-more-enthusiastic,3/6/2026,23:00:38 29 Sep 2026,9/29/2026,,,901176,9011761,29sep2026
All polls,Marist University,NPR | PBS News,3/2/2026,3/4/2026,1392.0, RV,1.162056,0.0,,53.0,44.0,9.0,50.39027,43.89813,6.492142,https://maristpoll.marist.edu/wp-content/uploads/2026/03/NPR_PBS-News_Marist-Poll_USA-NOS-and-Tables_202603091024.pdf,3/11/2026,23:00:38 29 Sep 2026,9/29/2026,,,901194,9011943,29sep2026
All polls,YouGov,Economist,3/27/2026,3/30/2026,1505.0, RV,0.193128,0.0,,45.0,39.0,6.0,46.95691,40.48661,6.470299,https://d3nkl3psvxxpe9.cloudfront.net/documents/econTabReport_3wplfYX.pdf,3/31/2026,23:00:38 29 Sep 2026,9/29/2026,,,901315,9013155,29sep2026
All polls,YouGov,University of Massachusetts Lowell,3/26/2026,3/30/2026,1000.0, A,0.1334629,0.0,,38.0,35.0,3.0,39.95691,36.48661,3.470299,https://www.uml.edu/Research/public-opinion/polls/default.aspx,4/9/2026,23:00:38 29 Sep 2026,9/29/2026,,,901342,9013423,29sep2026
All polls,CNN/SSRS,,3/26/2026,3/30/2026,951.0, RV,0.5890754,0.0,,48.0,42.0,6.0,47.84424,41.7323,6.111938,https://www.documentcloud.org/documents/27964261-cnn-poll-conducted-by-ssrs-trump-approval-economy/,4/3/2026,23:00:38 29 Sep 2026,9/29/2026,,,901318,9013184,29sep2026
All polls,Morning Consult,,3/24/2025,3/30/2025,27397.0, RV,0.1507612,0.0,,43.6,44.44,-0.8400002,45.43124,43.85994,1.571301,https://pro.morningconsult.com/trackers/2026-midterm-election-generic-ballot-polls,12/15/2025,23:00:38 29 Sep 2026,9/29/2026,,,90842,908411,29sep2026
All polls,Hart Research Associates/Public Opinion Strategies,NBC News,2/27/2026,3/3/2026,1000.0, RV,1.026943,0.0,,50.0,44.0,6.0,48.61833,42.06536,6.552967,https://www.nbcnews.com/politics/2026-election/poll-trump-struggles-immigration-prices-iran-democrats-midterm-edge-rcna261861,3/8/2026,23:00:38 29 Sep 2026,9/29/2026,,,901183,9011832,29sep2026
All polls,Emerson College,,3/2/2025,3/3/2025,1000.0, RV,1.17192,0.0,,44.4,41.4,3.0,44.07714,41.85616,2.220982,https://emersoncollegepolling.com/march-2025-national-poll/,3/3/2025,23:00:38 29 Sep 2026,9/29/2026,,,89624,218732,29sep2026
All polls,Morning Consult,,3/23/2026,3/29/2026,26725.0, RV,0.1319512,0.0,,45.1,42.3,2.799999,46.93124,41.71994,5.2113,https://pro.morningconsult.com/trackers/2026-midterm-election-generic-ballot-polls,4/3/2026,23:00:38 29 Sep 2026,9/29/2026,,,901328,9013281,29sep2026
All polls,Quantus Insights,,3/25/2026,3/26/2026,1472.0, LV,0.7794808,0.0,,47.0,41.3,5.700001,47.2044,40.83927,6.365128,https://quantusinsights.org/f/new-quantus-survey-a-sour-national-mood-and-a-midterm-warning,4/6/2026,23:00:38 29 Sep 2026,9/29/2026,,,901332,9013322,29sep2026
All polls,HarrisX,Harvard CAPS,3/25/2026,3/26/2026,1475.0, LV,0.5103771,0.0,,52.0,48.0,4.0,50.77025,43.766,7.00425,https://harvardharrispoll.com/wp-content/uploads/2026/03/HHP_Mar2026_KeyResults.pdf,3/30/2026,23:00:38 29 Sep 2026,9/29/2026,,,901313,9013137,29sep2026
All polls,Yale University Institution for Social and Policy Studies,,3/9/2026,3/23/2026,3429.0, RV,1.03154,0.0,,46.0,43.7,2.299999,46.90672,43.61649,3.29023,https://youthpoll.yale.edu/spring-2026-results,4/13/2026,23:00:38 29 Sep 2026,9/29/2026,,,901353,9013532,29sep2026
All polls,YouGov,Economist,3/20/2026,3/23/2026,1502.0, RV,0.1886011,0.0,,45.0,42.0,3.0,46.95691,43.48661,3.470299,https://d3nkl3psvxxpe9.cloudfront.net/documents/econTabReport_o84FoNw.pdf,3/24/2026,23:00:38 29 Sep 2026,9/29/2026,,,901244,9012444,29sep2026
All polls,Quinnipiac University,,3/19/2026,3/23/2026,1191.0, RV,1.016783,0.0,,51.0,40.0,11.0,50.17017,40.71339,9.456779,https://poll.qu.edu/poll-release?releaseid=3953,3/25/2026,23:00:38 29 Sep 2026,9/29/2026,,,901302,9013023,29sep2026
All polls,Ipsos,Reuters,3/20/2026,3/23/2026,985.0, RV,0.2917307,0.0,,40.0,38.0,2.0,44.97495,41.39795,3.577,https://www.ipsos.com/en-us/economy-and-foreign-conflicts-now-publics-top-two-issue-concerns,3/24/2026,23:00:38 29 Sep 2026,9/29/2026,,,901296,9012964,29sep2026
All polls,Ipsos,Reuters,3/21/2025,3/23/2025,911.0, RV,0.5454781,0.0,,38.0,38.0,0.0,42.97495,41.39795,1.577,https://www.reuters.com/data/which-party-do-americans-want-run-congress-2025-11-05/,12/15/2025,23:00:38 29 Sep 2026,9/29/2026,,,900299,908271,29sep2026
All polls,Morning Consult,,3/17/2025,3/23/2025,27364.0, RV,0.1541577,0.0,,43.09,44.61,-1.52,44.92125,44.02994,0.8913078,https://pro.morningconsult.com/trackers/2026-midterm-election-generic-ballot-polls,12/15/2025,23:00:38 29 Sep 2026,9/29/2026,,,90841,908401,29sep2026
All polls,Morning Consult,,3/16/2026,3/22/2026,26406.0, RV,0.1284996,0.0,,45.2,42.1,3.100002,47.03125,41.51994,5.511311,https://pro.morningconsult.com/trackers/2026-midterm-election-generic-ballot-polls,3/24/2026,23:00:38 29 Sep 2026,9/29/2026,,,901298,9012981,29sep2026
All polls,Morning Consult,Gambling Is Not Investing,3/17/2026,3/22/2026,15029.0, A,0.0861984,0.0,,47.0,42.0,5.0,48.83125,41.41994,7.411308,https://www.gamblingisnotinvesting.com/morning-consult-poll-reveals-americans-concerns-with-prediction-markets/,4/2/2026,23:00:38 29 Sep 2026,9/29/2026,,,901322,9013221,29sep2026
All polls,Impact Research/BSP Research,"Third Way, UnidosUS",3/10/2026,3/20/2026,1000.0, LV,0.9496727,0.0,,45.0,41.0,4.0,45.68293,41.24075,4.442181,https://www.thirdway.org/memo/president-trumps-immigration-problem,4/16/2026,23:00:38 29 Sep 2026,9/29/2026,,,901360,9013601,29sep2026
All polls,YouGov,Economist,2/27/2026,3/2/2026,1366.0, RV,0.1725035,0.0,,45.0,41.0,4.0,46.95691,42.48661,4.470299,https://d3nkl3psvxxpe9.cloudfront.net/documents/econTabReport_ubu5DXD.pdf,3/3/2026,23:00:38 29 Sep 2026,9/29/2026,,,901163,9011634,29sep2026
All polls,Public Opinion Strategies,Paragon Health Institute,2/25/2025,3/2/2025,1000.0, RV,1.202772,0.0,,44.0,46.0,-2.0,44.84737,45.76434,-0.9169693,https://paragoninstitute.org/medicaid/paragon-health-policy-survey-2025/,3/2/2025,23:00:38 29 Sep 2026,9/29/2026,,,900289,219137,29sep2026
All polls,Morning Consult,,2/24/2025,3/2/2025,28092.0, RV,0.17215,0.0,,42.96,44.61,-1.650002,44.79124,44.02994,0.7612991,https://pro.morningconsult.com/trackers/2026-midterm-election-generic-ballot-polls,12/15/2025,23:00:38 29 Sep 2026,9/29/2026,,,90838,908371,29sep2026
All polls,Ipsos,Reuters,3/17/2026,3/19/2026,1206.0, RV,0.3163008,0.0,,40.0,37.0,3.0,44.97495,40.39795,4.577,https://www.reuters.com/world/middle-east/americans-believe-trump-will-send-troops-into-iran-dont-like-idea-reutersipsos-2026-03-19/,3/20/2026,23:00:38 29 Sep 2026,9/29/2026,,,901227,9012273,29sep2026
All polls,Rasmussen Reports,,3/16/2026,3/19/2026,2222.0, LV,1.171124,0.0,,45.0,42.0,3.0,46.09195,41.78631,4.305641,https://www.rasmussenreports.com/platinum/political_tracking_crosstabs/march_2026/crosstabs_generic_congressional_ballot_march_16_19_and_22_23_2026#google_vignette,3/26/2026,23:00:38 29 Sep 2026,9/29/2026,,REP,901306,9013061,29sep2026
All polls,"Normington, Petts & Associates",Third Way,3/12/2025,3/19/2025,800.0, LV,0.8875322,0.0,,50.0,50.0,0.0,50.2094,49.29934,0.9100609,https://www.thirdway.org/polling/democrats-immigration-opportunity,3/19/2025,23:00:38 29 Sep 2026,9/29/2026,,,89821,219302,29sep2026
All polls,Verasight,Strength in Numbers,3/16/2026,3/18/2026,1370.0, RV,0.4647343,0.0,,49.0,43.0,6.0,47.17691,42.83598,4.340931,https://www.gelliottmorris.com/p/2026-03-24-march-sin-verasight-poll-main-release,3/24/2026,23:00:38 29 Sep 2026,9/29/2026,,,901242,9012424,29sep2026
All polls,John Zogby Strategies,,3/17/2026,3/18/2026,1000.0, LV,0.6573441,0.0,,46.3,45.8,0.5,46.27722,45.38836,0.8888626,https://x.com/zogbystrategies/status/2036096236139245673/photo/1,3/23/2026,23:00:38 29 Sep 2026,9/29/2026,,,901240,9012401,29sep2026
All polls,The Argument/Verasight,,3/12/2026,3/17/2026,1519.0, RV,0.7212003,0.0,,54.0,46.0,8.0,50.74769,42.63861,8.109077,https://www.theargumentmag.com/p/americans-would-trade-jobs-for-cheaper,3/23/2026,23:00:38 29 Sep 2026,9/29/2026,,,901239,9012392,29sep2026
All polls,The Winston Group,Winning the Issues,3/15/2026,3/17/2026,1000.0, RV,1.019396,0.0,,49.0,40.0,9.0,49.10452,39.74477,9.359749,https://www.winningtheissues.org/wp-content/uploads/2026/04/March-2026-Winning-the-Issues-Survey.pdf,4/9/2026,23:00:38 29 Sep 2026,9/29/2026,,REP,901343,9013432,29sep2026
All polls,Emerson College,,3/16/2026,3/17/2026,1000.0, LV,1.024286,0.0,,49.2,41.5,7.700001,48.87714,41.95616,6.920979,https://emersoncollegepolling.com/march-2026-national-poll-47-oppose-us-military-action-in-iran-40-support/,3/20/2026,23:00:38 29 Sep 2026,9/29/2026,,,901231,9012312,29sep2026
All polls,Echelon Insights,,3/12/2026,3/16/2026,1033.0, LV,0.8397796,0.0,,49.0,44.0,5.0,47.81993,41.52382,6.296112,https://echelonin.wpenginepowered.com/wp-content/uploads/March-2026-Omnibus-Topline-External.pdf,3/16/2026,23:00:38 29 Sep 2026,9/29/2026,,,901208,9012082,29sep2026
All polls,YouGov,Economist,3/13/2026,3/16/2026,1429.0, RV,0.1806409,0.0,,43.0,41.0,2.0,44.95691,42.48661,2.470299,https://d3nkl3psvxxpe9.cloudfront.net/documents/econTabReport_CwWXhS2.pdf,3/17/2026,23:00:38 29 Sep 2026,9/29/2026,,,901210,9012104,29sep2026
All polls,Morning Consult,,3/13/2026,3/16/2026,2201.0, RV,0.0472156,0.0,,48.0,40.0,8.0,49.83125,39.41994,10.41131,https://pro.morningconsult.com/trackers/donald-trump-congress-policy-republicans-polling,3/17/2026,23:00:38 29 Sep 2026,9/29/2026,,,901211,9012112,29sep2026
All polls,Morning Consult,,3/10/2025,3/16/2025,26877.0, RV,0.1569012,0.0,,43.2,44.95,-1.75,45.03125,44.36994,0.6613083,https://pro.morningconsult.com/trackers/2026-midterm-election-generic-ballot-polls,12/15/2025,23:00:38 29 Sep 2026,9/29/2026,,,90840,908391,29sep2026
All polls,Morning Consult,,3/9/2026,3/15/2026,26634.0, RV,0.1272512,0.0,,45.4,41.7,3.700001,47.23125,41.11994,6.111309,https://pro.morningconsult.com/trackers/2026-midterm-election-generic-ballot-polls,3/17/2026,23:00:38 29 Sep 2026,9/29/2026,,,901212,9012121,29sep2026
All polls,Survey160,,3/9/2026,3/15/2026,1546.0, RV,0.7148681,0.0,,48.0,38.0,10.0,48.14676,40.05308,8.093678,https://www.survey160.com/methodological-research-blog/survey-160-tracking-poll-march-2026,3/24/2026,23:00:38 29 Sep 2026,9/29/2026,,,901243,9012432,29sep2026
All polls,Echelon Insights,,3/10/2025,3/13/2025,1007.0, LV,1.006631,0.0,,46.0,47.0,-1.0,44.81993,44.52382,0.2961121,https://echeloninsights.com/in-the-news/march-2025-verified-voter-omnibus-2-2-2/,3/13/2025,23:00:38 29 Sep 2026,9/29/2026,,,900276,219135,29sep2026
All polls,YouGov,Yahoo News,3/12/2026,3/12/2026,1148.0, RV,0.164229,0.0,,44.0,40.0,4.0,45.95691,41.48661,4.470299,https://www.yahoo.com/news/politics/article/poll-66-of-americans-disapprove-of-trump-on-gas-prices-as-they-feel-effects-of-iran-war-120000483.html,3/18/2026,23:00:38 29 Sep 2026,9/29/2026,,,901216,9012163,29sep2026
All polls,Change Research,,3/8/2026,3/12/2026,1540.0, RV,0.4309449,0.0,,47.0,41.0,6.0,48.51202,41.51713,6.994888,https://portal.changeresearch.com/portal/projects/61cdcd30-3c32-4785-9ccb-5fe82cb36389,5/5/2026,23:00:38 29 Sep 2026,9/29/2026,,,901428,9014283,29sep2026
All polls,Hart Research Associates/Public Opinion Strategies,NBC News,3/7/2025,3/11/2025,1000.0, RV,1.06479,0.0,,48.0,47.0,1.0,46.61833,45.06536,1.552967,https://www.nbcnews.com/politics/politics-news/democratic-party-hits-new-polling-low-voters-want-fight-trump-harder-rcna196161,3/11/2025,23:00:38 29 Sep 2026,9/29/2026,,,900279,219136,29sep2026
All polls,McLaughlin & Associates,Tea Party Patriots,3/10/2026,3/10/2026,1000.0, LV,0.3235947,0.0,,46.9,43.3,3.600002,48.58332,41.31787,7.26545,https://www.teapartypatriots.org/save-america-act-poll/,3/18/2026,23:00:38 29 Sep 2026,9/29/2026,,REP,901222,9012221,29sep2026
All polls,Focaldata,,3/6/2026,3/10/2026,1534.0, RV,0.580347,0.0,,48.0,42.0,6.0,47.14543,41.19669,5.948742,https://www.focaldata.com/blog/democrats-increase-lead-and-rubio-stock-surges-amid-iran-war,3/13/2026,23:00:38 29 Sep 2026,9/29/2026,,,901203,9012034,29sep2026
All polls,Morning Consult,,2/23/2026,3/1/2026,25404.0, RV,0.1220434,0.0,,44.7,42.1,2.600002,46.53125,41.51994,5.011311,https://pro.morningconsult.com/trackers/2026-midterm-election-generic-ballot-polls,3/12/2026,23:00:38 29 Sep 2026,9/29/2026,,,901197,9011971,29sep2026
All polls,Morning Consult,,2/6/2026,2/9/2026,2200.0, RV,0.045201,0.0,,45.0,41.0,4.0,46.83125,40.41994,6.411308,https://pro.morningconsult.com/trackers/donald-trump-congress-policy-republicans-polling#trump-s-performance-on-the-issues,2/9/2026,23:00:38 29 Sep 2026,9/29/2026,,,901091,9010912,29sep2026
All polls,YouGov,Economist,2/6/2026,2/9/2026,1551.0, RV,0.1801741,0.0,,44.0,38.0,6.0,45.95691,39.48661,6.470299,https://d3nkl3psvxxpe9.cloudfront.net/documents/econTabReport_vNnwPx2.pdf,2/10/2026,23:00:38 29 Sep 2026,9/29/2026,,,901094,9010944,29sep2026
All polls,Morning Consult,,2/3/2025,2/9/2025,26690.0, RV,0.2069301,0.0,,42.65,45.22,-2.57,44.48125,44.63994,-0.1586876,https://pro.morningconsult.com/trackers/2026-midterm-election-generic-ballot-polls,12/15/2025,23:00:38 29 Sep 2026,9/29/2026,,,90835,908341,29sep2026
All polls,Morning Consult,,2/2/2026,2/8/2026,24606.0, RV,0.118487,0.0,,44.5,42.3,2.200001,46.33125,41.71994,4.611309,https://pro.morningconsult.com/trackers/2026-midterm-election-generic-ballot-polls,2/9/2026,23:00:38 29 Sep 2026,9/29/2026,,,901093,9010931,29sep2026
All polls,Clarity Campaign Labs,,1/31/2025,2/6/2025,1102.0, RV,0.7783728,0.0,,45.0,44.0,1.0,43.61919,42.91867,0.7005196,https://static1.squarespace.com/static/61ae8d5e55be5c7314b4c83a/t/67aa57a7976e415c4d212706/1739216809584/Clarity+Omnibus+Overview+-+Jan_Feb+2025.pdf,2/6/2025,23:00:38 29 Sep 2026,9/29/2026,,,89553,218119,29sep2026
All polls,John Zogby Strategies,,2/4/2026,2/5/2026,1000.0, LV,0.7672434,0.0,,46.9,41.2,5.700001,46.87722,40.78836,6.08886,https://johnzogbystrategies.com/the-presidents-approval-ratings-underwater-on-overall-job-all-key-voter-issues/,2/7/2026,23:00:38 29 Sep 2026,9/29/2026,,,901087,9010872,29sep2026
All polls,Cygnal,,2/4/2025,2/5/2025,1500.0, LV,1.215793,0.0,,46.2,47.2,-1.0,45.16333,45.36633,-0.2029991,https://www.cygn.al/poll-trump-winning-over-black-men-dei-skeptics-and-border-hawks-as-democrats-lose-ground/,2/5/2025,23:00:38 29 Sep 2026,9/29/2026,,,89560,218218,29sep2026
All polls,Cygnal,,2/3/2026,2/4/2026,1500.0, LV,1.035055,0.0,,47.8,44.4,3.399998,46.76332,42.56633,4.196991,https://www.cygn.al/wp-content/uploads/2026/02/23572-Cygnal-National-NVT-Feb26-Deck-Public.pdf,2/11/2026,23:00:38 29 Sep 2026,9/29/2026,,,901099,9010991,29sep2026
All polls,TIPP Insights,Issues & Insights,2/24/2026,2/27/2026,1264.0, RV,1.235537,0.0,,45.5,44.2,1.299999,46.45798,43.99203,2.46595,https://tippinsights.com/americas-stalemate/,3/13/2026,23:00:38 29 Sep 2026,9/29/2026,,,901202,9012021,29sep2026
All polls,HarrisX,Harvard CAPS,2/25/2026,2/26/2026,1560.0, LV,0.5844427,0.0,,50.0,50.0,0.0,48.77025,45.766,3.00425,https://harvardharrispoll.com/key-results-february-2026/,3/2/2026,23:00:38 29 Sep 2026,9/29/2026,,,901161,9011615,29sep2026
All polls,Cygnal,American Principles Project,2/24/2026,2/26/2026,1048.0, LV,0.897121,0.0,,48.3,44.6,3.700001,47.43399,42.59566,4.838329,https://act.americanprinciplesproject.org/p/protect-kids-online/results?access=press,3/6/2026,23:00:38 29 Sep 2026,9/29/2026,,REP,901177,9011771,29sep2026
All polls,YouGov,Pennsylvania State University McCourtney Institute for Democracy,2/18/2026,2/23/2026,824.0, RV,0.1379884,0.0,,42.0,37.0,5.0,43.95691,38.48661,5.470299,https://democracy.psu.edu/poll-report-archive/democrats-have-edge-in-congressional-generic-ballot/,3/10/2026,23:00:38 29 Sep 2026,9/29/2026,,,901191,9011911,29sep2026
All polls,Ipsos,Reuters,2/18/2026,2/23/2026,3686.0, RV,0.4829522,0.0,,40.0,38.0,2.0,44.97495,41.39795,3.577,https://www.reuters.com/world/us/most-americans-say-trump-is-growing-erratic-with-age-reutersipsos-poll-finds-2026-02-24/,2/24/2026,23:00:38 29 Sep 2026,9/29/2026,,,901130,9011303,29sep2026
All polls,Echelon Insights,,2/19/2026,2/23/2026,1002.0, LV,0.8725334,0.0,,50.0,46.0,4.0,48.81993,43.52382,5.296112,https://echeloninsights.com/in-the-news/february-2026-verified-voter-omnibus/,2/23/2026,23:00:38 29 Sep 2026,9/29/2026,,,901127,9011272,29sep2026
All polls,GrayHouse,America One Policies,2/20/2026,2/23/2026,1394.0, RV,0.8174829,0.0,,43.0,40.0,3.0,44.2225,39.80664,4.415859,https://www.americaonepolicies.com/polls/attitudes-on-iran-the-economy-and-affordability,3/5/2026,23:00:38 29 Sep 2026,9/29/2026,,REP,901173,9011731,29sep2026
All polls,YouGov,Economist,2/20/2026,2/23/2026,1402.0, RV,0.1718835,0.0,,45.0,41.0,4.0,46.95691,42.48661,4.470299,https://d3nkl3psvxxpe9.cloudfront.net/documents/econTabReport_5ZLQm8s.pdf,2/24/2026,23:00:38 29 Sep 2026,9/29/2026,,,901129,9011294,29sep2026
All polls,Ipsos,Reuters,2/21/2025,2/23/2025,891.0, RV,0.5598569,0.0,,38.0,40.0,-2.0,42.97495,43.39795,-0.4230003,https://www.reuters.com/data/which-party-do-americans-want-run-congress-2025-11-05/,12/15/2025,23:00:38 29 Sep 2026,9/29/2026,,,89602,908281,29sep2026
All polls,Morning Consult,,2/17/2025,2/23/2025,27621.0, RV,0.1808938,0.0,,42.1,45.1,-3.0,43.93124,44.51994,-0.5886993,https://pro.morningconsult.com/trackers/2026-midterm-election-generic-ballot-polls,12/15/2025,23:00:38 29 Sep 2026,9/29/2026,,,90837,908361,29sep2026
All polls,Morning Consult,,2/16/2026,2/22/2026,26087.0, RV,0.1218086,0.0,,44.9,42.0,2.900002,46.73125,41.41994,5.31131,https://pro.morningconsult.com/trackers/2026-midterm-election-generic-ballot-polls,2/26/2026,23:00:38 29 Sep 2026,9/29/2026,,,901141,9011411,29sep2026
All polls,Emerson College,,2/21/2026,2/22/2026,1000.0, LV,1.022207,0.0,,50.4,42.4,8.0,50.07714,42.85616,7.220982,https://emersoncollegepolling.com/february-2026-national-poll-trump-approval-steady-as-disapproval-rises-vance-leads-gop-field-while-democrats-hold-midterm-edge/,2/26/2026,23:00:38 29 Sep 2026,9/29/2026,,,901139,9011392,29sep2026
All polls,Global Strategy Group,Campaign For A Family Friendly Economy (PAC),2/17/2026,2/22/2026,1051.0, LV,1.020801,0.0,,48.0,40.0,8.0,47.90709,40.52497,7.382118,https://www.semafor.com/article/03/23/2026/poll-caretaking-anecdotes-resonate-with-voters,3/24/2026,23:00:38 29 Sep 2026,9/29/2026,,,901245,9012451,29sep2026
All polls,Morning Consult,,2/20/2026,2/22/2026,2202.0, RV,0.0455162,0.0,,46.0,42.0,4.0,47.83125,41.41994,6.411308,https://pro.morningconsult.com/trackers/donald-trump-congress-policy-republicans-polling,2/25/2026,23:00:38 29 Sep 2026,9/29/2026,,,901137,9011372,29sep2026
All polls,RMG Research,Napolitan Institute,2/20/2025,2/21/2025,1000.0, RV,0.7005252,0.0,,46.0,48.0,-2.0,46.35441,45.39907,0.9553375,https://x.com/ScottWRasmussen/status/1894720317291114920,2/21/2025,23:00:38 29 Sep 2026,9/29/2026,,,89604,218572,29sep2026
All polls,Verasight,Strength in Numbers,2/18/2026,2/20/2026,1401.0, RV,0.4937717,0.0,,52.0,42.0,10.0,50.17691,41.83598,8.340931,https://www.gelliottmorris.com/p/ahead-of-state-of-the-union-address,2/24/2026,23:00:38 29 Sep 2026,9/29/2026,,,901131,9011314,29sep2026
All polls,YouGov,Economist,1/30/2026,2/2/2026,1504.0, RV,0.1809378,0.0,,44.0,40.0,4.0,45.95691,41.48661,4.470299,https://d3nkl3psvxxpe9.cloudfront.net/documents/econTabReport_DDIQ8jz.pdf,2/3/2026,23:00:38 29 Sep 2026,9/29/2026,,,901075,9010754,29sep2026
All polls,Morning Consult,,1/27/2025,2/2/2025,29303.0, RV,0.2375639,0.0,,42.85,43.76,-0.9099998,44.68124,43.17994,1.501301,https://pro.morningconsult.com/trackers/2026-midterm-election-generic-ballot-polls,12/15/2025,23:00:38 29 Sep 2026,9/29/2026,,,90834,908331,29sep2026
All polls,Talker Research,Scripps News,2/13/2026,2/19/2026,1000.0, A,0.7470228,0.0,,42.0,36.0,6.0,42.86442,37.45014,5.41428,https://www.scrippsnews.com/politics/scripps-news-talker-research-poll-high-interest-in-state-of-the-union-amid-economic-worries,2/24/2026,23:00:38 29 Sep 2026,9/29/2026,,,901134,9011342,29sep2026
All polls,YouGov,Bowling Green State University,2/13/2026,2/18/2026,1200.0, RV,0.1607052,0.0,,49.0,41.0,8.0,50.95691,42.48661,8.470299,https://scholarworks.bgsu.edu/cgi/viewcontent.cgi?article=1017&context=depo,2/24/2026,23:00:38 29 Sep 2026,9/29/2026,,,901133,9011332,29sep2026
All polls,Change Research,,2/5/2026,2/18/2026,1741.0, RV,0.4617745,0.0,,43.0,40.0,3.0,44.51202,40.51713,3.994888,https://portal.changeresearch.com/portal/projects/9c8a3c8a-70c6-47f8-80bf-596426bc3318,5/5/2026,23:00:38 29 Sep 2026,9/29/2026,,,901427,9014272,29sep2026
All polls,McLaughlin & Associates,,2/11/2025,2/18/2025,1000.0, LV,0.2479396,0.0,,41.0,48.0,-7.0,42.5128,46.18839,-3.675591,https://mclaughlinonline.com/pols/wp-content/uploads/2025/02/National-February-Presentation-RELEASE-02-18-25.pdf,2/18/2025,23:00:38 29 Sep 2026,9/29/2026,,,89590,218441,29sep2026
All polls,YouGov,The Economist,2/16/2025,2/18/2025,1451.0, RV,0.8102629,0.0,,42.0,41.0,1.0,43.95691,42.48661,1.470299,https://d3nkl3psvxxpe9.cloudfront.net/documents/econTabReport_OFVhPxp.pdf,2/18/2025,23:00:38 29 Sep 2026,9/29/2026,,,89579,218440,29sep2026
All polls,Ipsos,The Washington Post | ABC News,2/12/2026,2/17/2026,2087.0, RV,0.3844451,0.0,,47.0,45.0,2.0,51.97495,48.39795,3.577,https://www.washingtonpost.com/politics/2026/02/25/poll-democrats-trump-republicans-midterms/,2/26/2026,23:00:38 29 Sep 2026,9/29/2026,,,901121,9011213,29sep2026
All polls,McLaughlin & Associates,U.S. Chamber of Commerce,2/13/2025,2/17/2025,1600.0, LV,0.2992223,0.0,,43.0,47.0,-4.0,44.68332,45.01787,-0.3345528,https://www.uschamber.com/assets/documents/USCC_National-Tax-Survey_Deck_Feb-2025.pdf,2/17/2025,23:00:38 29 Sep 2026,9/29/2026,,REP,89766,219131,29sep2026
All polls,co/efficient,,2/15/2025,2/17/2025,2063.0, LV,1.185373,0.0,,44.0,46.0,-2.0,44.58927,44.90837,-0.3190994,https://coefficient.org/doge-part-2/,2/17/2025,23:00:38 29 Sep 2026,9/29/2026,,REP,89596,218564,29sep2026
All polls,Ipsos,Reuters,2/13/2026,2/16/2026,846.0, RV,0.2666899,0.0,,41.0,37.0,4.0,45.97495,40.39795,5.577,https://www.reuters.com/world/us/trumps-immigration-approval-hits-new-low-according-reutersipsos-poll-2026-02-17/,2/18/2026,23:00:38 29 Sep 2026,9/29/2026,,,901116,9011163,29sep2026
All polls,The Bullfinch Group,Independent Center,2/13/2026,2/16/2026,1000.0, RV,0.6390123,0.0,,46.0,35.0,11.0,48.54018,38.587,9.953178,https://www.thebullfinchgroup.com/post/public-release-of-bullfinch-mainframe-q1-nationwide-survey,6/4/2026,23:00:38 29 Sep 2026,9/29/2026,,,901515,9015154,29sep2026
All polls,Morning Consult,,2/13/2026,2/16/2026,2200.0, RV,0.0452091,0.0,,45.0,41.0,4.0,46.83125,40.41994,6.411308,https://pro.morningconsult.com/trackers/donald-trump-congress-policy-republicans-polling,2/17/2026,23:00:38 29 Sep 2026,9/29/2026,,,901115,9011152,29sep2026
All polls,YouGov,Economist,2/13/2026,2/16/2026,1512.0, RV,0.1762925,0.0,,47.0,40.0,7.0,48.95691,41.48661,7.470299,https://d3nkl3psvxxpe9.cloudfront.net/documents/econTabReport_usZL1Jt.pdf,2/17/2026,23:00:38 29 Sep 2026,9/29/2026,,,901112,9011124,29sep2026
All polls,Morning Consult,,2/10/2025,2/16/2025,27203.0, RV,0.1925866,0.0,,42.33,45.23,-2.899998,44.16125,44.64994,-0.4886894,https://pro.morningconsult.com/trackers/2026-midterm-election-generic-ballot-polls,12/15/2025,23:00:38 29 Sep 2026,9/29/2026,,,90836,908351,29sep2026
All polls,Morning Consult,,2/9/2026,2/15/2026,24849.0, RV,0.1189897,0.0,,44.9,41.8,3.100002,46.73125,41.21994,5.511311,https://pro.morningconsult.com/trackers/2026-midterm-election-generic-ballot-polls,2/27/2026,23:00:38 29 Sep 2026,9/29/2026,,,901151,9011511,29sep2026
All polls,Echelon Insights,,2/10/2025,2/13/2025,1010.0, LV,1.107661,0.0,,46.0,47.0,-1.0,44.81993,44.52382,0.2961121,https://echeloninsights.com/in-the-news/feb-2025-verified-voter-omnibus-2-2/,2/13/2025,23:00:38 29 Sep 2026,9/29/2026,,,89566,218247,29sep2026
All polls,RMG Research,Napolitan News Service,2/9/2026,2/12/2026,2000.0, RV,0.6404142,0.0,,45.0,47.0,-2.0,45.35441,44.39907,0.9553375,https://napolitannews.org/posts/generic-ballot-gop-44-percent-dem-41-but-dems-more-enthusiastic,2/13/2026,23:00:38 29 Sep 2026,9/29/2026,,,901104,9011041,29sep2026
All polls,YouGov,Yahoo News,2/9/2026,2/12/2026,1149.0, RV,0.1589617,0.0,,44.0,41.0,3.0,45.95691,42.48661,3.470299,https://www.yahoo.com/news/politics/article/poll-trumps-approval-rating-hits-new-low-as-immigration-backlash-grows-and-ice-withdraws-from-minnesota-204723473.html,2/19/2026,23:00:38 29 Sep 2026,9/29/2026,,,901108,9011083,29sep2026
All polls,Focaldata,,2/10/2026,2/10/2026,957.0, LV,0.5549732,0.0,,51.1,43.6,7.5,50.24543,42.79669,7.448738,https://www.focaldata.com/blog/cost-of-living-fuelling-democrat-strength-in-new-midterms-polling,2/13/2026,23:00:38 29 Sep 2026,9/29/2026,,,901106,9011066,29sep2026
All polls,The Argument/Verasight,,2/4/2026,2/10/2026,3003.0, RV,0.8525737,0.0,,53.0,47.0,6.0,49.74769,43.63861,6.109077,https://www.theargumentmag.com/p/the-trans-rights-backlash-is-real,2/17/2026,23:00:38 29 Sep 2026,9/29/2026,,,901113,9011132,29sep2026
All polls,Morning Consult,,1/26/2026,2/1/2026,25492.0, RV,0.1203844,0.0,,44.5,42.3,2.200001,46.33125,41.71994,4.611309,https://pro.morningconsult.com/trackers/2026-midterm-election-generic-ballot-polls,2/9/2026,23:00:38 29 Sep 2026,9/29/2026,,,901092,9010921,29sep2026
All polls,Morning Consult,,1/30/2026,2/1/2026,2201.0, RV,0.0452108,0.0,,47.0,42.0,5.0,48.83125,41.41994,7.411308,https://pro.morningconsult.com/trackers/donald-trump-congress-policy-republicans-polling,2/2/2026,23:00:38 29 Sep 2026,9/29/2026,,,901072,9010722,29sep2026
All polls,"Fabrizio, Lee & Associates/Impact Research",AARP,1/27/2025,2/1/2025,3000.0, RV,1.015174,0.0,,43.0,43.0,0.0,43.39488,43.23356,0.1613197,https://www.aarp.org/content/dam/aarp/research/topics/voter-opinion-research/politics/federal-tax-package-legislative-priorities.doi.10.26419-2fres.00921.001.pdf,2/1/2025,23:00:38 29 Sep 2026,9/29/2026,,,89555,218160,29sep2026
All polls,YouGov,Economist,12/5/2025,12/8/2025,1380.0, RV,0.1882515,0.0,,42.0,37.0,5.0,43.95691,38.48661,5.470299,https://d3nkl3psvxxpe9.cloudfront.net/documents/econTabReport_qLhWxpK.pdf,12/15/2025,23:00:38 29 Sep 2026,9/29/2026,,,900931,908082,29sep2026
All polls,GrayHouse,America One Policies,12/6/2025,12/8/2025,2058.0, RV,0.8931435,0.0,,45.0,41.0,4.0,46.2225,40.80664,5.415859,https://www.americaonepolicies.com/polls/selling-the-one-big-beautiful-bill,3/6/2026,23:00:38 29 Sep 2026,9/29/2026,,REP,901182,9011821,29sep2026
All polls,Ipsos,Reuters,12/3/2025,12/8/2025,3521.0, RV,0.5110547,0.0,,40.0,39.0,1.0,44.97495,42.39795,2.577,https://www.reuters.com/data/trumps-approval-rating-2025-01-21/,12/15/2025,23:00:38 29 Sep 2026,9/29/2026,,,900932,9009324,29sep2026
All polls,Hart Research Associates/Public Opinion Strategies,CNBC,12/4/2025,12/8/2025,800.0, RV,0.9065882,0.0,,50.0,46.0,4.0,48.61833,44.06536,4.552967,https://fm.cnbc.com/applications/cnbc.com/resources/editorialfiles/2025/12/16/TOPLINES_250313_CNBC_AAES_Q4_2025_new.pdf,12/17/2025,23:00:38 29 Sep 2026,9/29/2026,,,900958,9009582,29sep2026
All polls,Morning Consult,,12/1/2025,12/7/2025,19970.0, RV,0.1114493,0.0,,44.22,42.82,1.400002,46.05125,42.23994,3.81131,https://pro.morningconsult.com/trackers/2026-midterm-election-generic-ballot-polls,12/15/2025,23:00:38 29 Sep 2026,9/29/2026,,,90878,908771,29sep2026
All polls,Cygnal,,12/5/2025,12/7/2025,1500.0, LV,1.177523,0.0,,48.0,44.1,3.900002,46.96333,42.26633,4.696999,https://www.cygn.al/wp-content/uploads/2025/12/23448-Cygnal-National-Dec25-NVT-Deck-Public.pdf,12/15/2025,23:00:38 29 Sep 2026,9/29/2026,,,90811,908111,29sep2026
All polls,Morning Consult,,12/5/2025,12/7/2025,2201.0, RV,0.0461989,0.0,,46.0,43.0,3.0,47.83125,42.41994,5.411308,https://pro.morningconsult.com/trackers/donald-trump-congress-policy-republicans-polling,12/15/2025,23:00:38 29 Sep 2026,9/29/2026,,,900929,908121,29sep2026
All polls,RMG Research,Napolitan Institute,12/1/2025,12/4/2025,2000.0, RV,0.6809877,0.0,,44.0,48.0,-4.0,44.35441,45.39907,-1.044662,https://napolitannews.org/posts/generic-ballot-gop-45-percent-dem-41,12/15/2025,23:00:38 29 Sep 2026,9/29/2026,,,90807,908071,29sep2026
All polls,YouGov,Economist,12/26/2025,12/29/2025,1420.0, RV,0.1900602,0.0,,42.0,38.0,4.0,43.95691,39.48661,4.470299,https://d3nkl3psvxxpe9.cloudfront.net/documents/econTabReport_h1aYmmb.pdf,12/30/2025,23:00:38 29 Sep 2026,9/29/2026,,,900985,9009854,29sep2026
All polls,Morning Consult,,12/22/2025,12/28/2025,22258.0, RV,0.1164703,0.0,,43.8,43.5,0.2999992,45.63124,42.91994,2.7113,https://pro-assets.morningconsult.com/wp-uploads/2026/08/MCPI-PI-Weekly.html,8/24/2026,23:00:38 29 Sep 2026,9/29/2026,,,901752,9017521,29sep2026
All polls,YouGov,Economist,12/20/2025,12/22/2025,1425.0, RV,0.1923153,0.0,,43.0,40.0,3.0,44.95691,41.48661,3.470299,https://d3nkl3psvxxpe9.cloudfront.net/documents/econTabReport_nBgFw7w.pdf,12/23/2025,23:00:38 29 Sep 2026,9/29/2026,,,900976,9009764,29sep2026
All polls,Morning Consult,,12/15/2025,12/21/2025,20240.0, RV,0.1120802,0.0,,44.63,42.35,2.280003,46.46125,41.76994,4.691311,https://pro.morningconsult.com/trackers/2026-midterm-election-generic-ballot-polls,12/22/2025,23:00:38 29 Sep 2026,9/29/2026,,,900974,9009741,29sep2026
All polls,Morning Consult,,12/19/2025,12/21/2025,2203.0, RV,0.0462171,0.0,,47.0,43.0,4.0,48.83125,42.41994,6.411308,https://pro.morningconsult.com/trackers/donald-trump-congress-policy-republicans-polling,12/22/2025,23:00:38 29 Sep 2026,9/29/2026,,,900973,9009732,29sep2026
All polls,McLaughlin & Associates,,12/12/2025,12/19/2025,1000.0, LV,0.3829303,0.0,,46.0,45.0,1.0,47.5128,43.18839,4.324409,https://mclaughlinonline.com/2025/12/23/national-monthly-december-2025/,12/26/2025,23:00:38 29 Sep 2026,9/29/2026,,,900979,9009791,29sep2026
All polls,AtlasIntel,,12/15/2025,12/19/2025,2315.0, A,1.342132,0.0,,54.4,38.4,16.0,51.09121,39.05962,12.03159,https://www.atlasintel.org/poll/usa-national-2025-12-19,12/19/2025,23:00:38 29 Sep 2026,9/29/2026,,,900964,9009642,29sep2026
All polls,Fabrizio Ward,Building Americaâs Future,12/15/2025,12/17/2025,1000.0, RV,1.071721,0.0,,45.0,38.0,7.0,46.12264,38.32026,7.80238,https://buildingamericasfuture.com/wp-content/uploads/2025/12/AI-Federal-Preemption-National-Voter-Survey-Memo.pdf,12/22/2025,23:00:38 29 Sep 2026,9/29/2026,,REP,900970,9009701,29sep2026
All polls,Echelon Insights/GBAO,AARP,12/9/2025,12/16/2025,2023.0, LV,1.053675,0.0,,47.0,43.0,4.0,47.02675,42.77527,4.25148,https://www.aarp.org/content/dam/aarp/research/topics/work-finances-retirement/financial-security-retirement/shes-the-difference-financial-security-annotated-questionnaire.doi.10.26419-2fres.01033.002.pdf,2/12/2026,23:00:38 29 Sep 2026,9/29/2026,,,901102,9011022,29sep2026
All polls,McLaughlin & Associates,,12/11/2024,12/16/2024,1000.0, LV,0.474803,0.0,,42.0,47.0,-5.0,43.5128,45.18839,-1.675591,https://mclaughlinonline.com/2024/12/18/ma-poll-national-monthly-december-2024/,12/16/2024,23:00:38 29 Sep 2026,9/29/2026,,,89445,217185,29sep2026
All polls,Emerson College,,12/14/2025,12/15/2025,1000.0, RV,0.8940574,0.0,,43.5,41.7,1.799999,43.17714,42.15616,1.020981,https://emersoncollegepolling.com/december-2025-national-poll-trumps-approval-flips-since-start-of-the-year/,12/18/2025,23:00:38 29 Sep 2026,9/29/2026,,,900960,9009602,29sep2026
All polls,Echelon Insights,,12/11/2025,12/15/2025,1011.0, LV,0.9524329,0.0,,48.0,45.0,3.0,46.81993,42.52382,4.296112,https://echelonin.wpenginepowered.com/wp-content/uploads/December-2025-Omnibus-Topline-External.pdf,12/16/2025,23:00:38 29 Sep 2026,9/29/2026,,,900948,9009482,29sep2026
All polls,Morning Consult,,12/12/2025,12/15/2025,2201.0, RV,0.0462435,0.0,,45.0,44.0,1.0,46.83125,43.41994,3.411308,https://pro.morningconsult.com/trackers/donald-trump-congress-policy-republicans-polling,12/15/2025,23:00:38 29 Sep 2026,9/29/2026,,,900945,908321,29sep2026
All polls,Ipsos,Reuters,12/12/2025,12/15/2025,775.0, RV,0.2902109,0.0,,40.0,36.0,4.0,44.97495,39.39795,5.577,https://www.reuters.com/data/which-party-do-americans-want-run-congress-2025-11-05/,12/16/2025,23:00:38 29 Sep 2026,9/29/2026,,,900951,9009512,29sep2026
All polls,YouGov,Economist,12/12/2025,12/15/2025,1453.0, RV,0.1937343,0.0,,43.0,39.0,4.0,44.95691,40.48661,4.470299,https://d3nkl3psvxxpe9.cloudfront.net/documents/econTabReport_FJyfDu9.pdf,12/16/2025,23:00:38 29 Sep 2026,9/29/2026,,,900947,9009474,29sep2026
All polls,Quinnipiac University,,12/11/2025,12/15/2025,1035.0, RV,0.9742082,0.0,,47.0,43.0,4.0,46.17017,43.71339,2.456779,https://poll.qu.edu/poll-release?releaseid=3943,12/17/2025,23:00:38 29 Sep 2026,9/29/2026,,,900955,9009552,29sep2026
All polls,Ipsos,Reuters,12/13/2024,12/15/2024,890.0, RV,0.7307567,0.0,,41.0,37.0,4.0,45.97495,40.39795,5.577,https://www.reuters.com/data/which-party-do-americans-want-run-congress-2025-11-05/,12/15/2025,23:00:38 29 Sep 2026,9/29/2026,,,90831,908301,29sep2026
All polls,Morning Consult,,12/8/2025,12/14/2025,19954.0, RV,0.1114877,0.0,,44.19,42.53,1.66,46.02124,41.94994,4.071301,https://pro.morningconsult.com/trackers/2026-midterm-election-generic-ballot-polls,12/16/2025,23:00:38 29 Sep 2026,9/29/2026,,,900952,9009521,29sep2026
All polls,Clarity Campaign Labs,,12/4/2025,12/11/2025,1000.0, RV,0.7103853,0.0,,49.0,44.0,5.0,47.61919,42.91867,4.70052,https://www.claritycampaigns.com/clarity-omnibus-dec-2025,12/16/2025,23:00:38 29 Sep 2026,9/29/2026,,,900949,9009492,29sep2026
All polls,The Argument/Verasight,,12/5/2025,12/11/2025,1521.0, RV,0.7103798,0.0,,50.6,49.4,1.199997,47.34769,46.03861,1.309082,https://www.theargumentmag.com/p/have-democrats-lost-their-education,12/16/2025,23:00:38 29 Sep 2026,9/29/2026,,,900950,9009502,29sep2026
All polls,Cygnal,,12/9/2024,12/11/2024,1500.0, LV,1.407075,0.0,,44.6,48.4,-3.800003,43.56332,46.56633,-3.00301,https://www.cygn.al/poll-musk-most-effective-trump-surrogate-as-voters-rally-behind-doge-deportations-and-congressional-republicans/,12/11/2024,23:00:38 29 Sep 2026,9/29/2026,,,89437,217076,29sep2026
All polls,Change Research,,12/5/2025,12/10/2025,1520.0, RV,0.4784936,0.0,,43.0,43.0,0.0,44.51202,43.51713,0.9948883,https://portal.changeresearch.com/portal/projects/462322ed-5e5a-43bd-b4ff-43acb1d433e2,5/5/2026,23:00:38 29 Sep 2026,9/29/2026,,,901425,9014252,29sep2026
All polls,YouGov,Economist,11/28/2025,12/1/2025,1456.0, RV,0.1902269,0.0,,45.0,39.0,6.0,46.95691,40.48661,6.470299,https://d3nkl3psvxxpe9.cloudfront.net/documents/econTabReport_szm0BQt.pdf,12/2/2025,23:00:38 29 Sep 2026,9/29/2026,,,900913,908002,29sep2026
All polls,Morning Consult,,11/3/2025,11/9/2025,21394.0, RV,0.1146991,0.0,,43.83,42.3,1.530003,45.66125,41.71994,3.941311,https://pro.morningconsult.com/trackers/2026-midterm-election-generic-ballot-polls,12/15/2025,23:00:38 29 Sep 2026,9/29/2026,,,90874,908731,29sep2026
All polls,Morning Consult,,11/7/2025,11/9/2025,2201.0, RV,0.046169,0.0,,48.0,43.0,5.0,49.83125,42.41994,7.411308,https://pro.morningconsult.com/trackers/donald-trump-congress-policy-republicans-polling,11/12/2025,23:00:38 29 Sep 2026,9/29/2026,,,900862,907701,29sep2026
All polls,Cygnal,,11/5/2025,11/6/2025,1500.0, LV,1.198579,0.0,,50.0,44.0,6.0,48.96333,42.16633,6.797001,https://www.cygn.al/poll-voters-say-less-socialism-more-stabilityeconomic-concerns-surge-heading-into-2026/,11/14/2025,23:00:38 29 Sep 2026,9/29/2026,,,90781,907811,29sep2026
All polls,Emerson College,,11/3/2025,11/4/2025,1000.0, RV,0.9000256,0.0,,43.5,40.1,3.400002,43.17714,40.55616,2.620979,https://emersoncollegepolling.com/november-2025-national-poll/,11/12/2025,23:00:38 29 Sep 2026,9/29/2026,,,900856,907691,29sep2026
All polls,Morning Consult,,11/24/2025,11/30/2025,21658.0, RV,0.1148528,0.0,,44.0,42.42,1.580002,45.83125,41.83994,3.99131,https://pro.morningconsult.com/trackers/2026-midterm-election-generic-ballot-polls,12/15/2025,23:00:38 29 Sep 2026,9/29/2026,,,90877,908761,29sep2026
All polls,Morning Consult,,11/26/2025,11/30/2025,2200.0, RV,0.0460517,0.0,,45.0,41.0,4.0,46.83125,40.41994,6.411308,https://pro.morningconsult.com/trackers/donald-trump-congress-policy-republicans-polling,12/2/2025,23:00:38 29 Sep 2026,9/29/2026,,,900911,907991,29sep2026
All polls,YouGov,The Economist,10/31/2025,11/3/2025,1470.0, RV,0.1846349,0.0,,44.0,41.0,3.0,45.95691,42.48661,3.470299,https://d3nkl3psvxxpe9.cloudfront.net/documents/econTabReport_5RO6eos.pdf,11/12/2025,23:00:38 29 Sep 2026,9/29/2026,,,90768,907682,29sep2026
All polls,GBAO,Third Way,11/19/2025,11/26/2025,2000.0, RV,1.12634,0.0,,48.0,42.0,6.0,48.08323,42.78074,5.30249,https://uploads.thirdway.org/downloads/food-medicine-fuel-for-a-wave/Third-WayGBAO-National-Framing-Survey-Toplines-November-2025.pdf,12/26/2025,23:00:38 29 Sep 2026,9/29/2026,,,900980,9009802,29sep2026
All polls,The Bullfinch Group,,11/21/2025,11/25/2025,1000.0, RV,0.6282905,0.0,,41.0,35.0,6.0,43.54018,38.587,4.953178,https://www.thebullfinchgroup.com/post/public-release-of-bullfinch-q4-nationwide-survey-3,12/2/2025,23:00:38 29 Sep 2026,9/29/2026,,,900910,907982,29sep2026
All polls,J.L. Partners,DailyMail.com,11/19/2025,11/25/2025,797.0, LV,0.9288057,0.0,,50.0,46.0,4.0,50.01796,47.03605,2.981911,https://jlpartners.com/nov25-rv,12/6/2025,23:00:38 29 Sep 2026,9/29/2026,,,90806,908061,29sep2026
All polls,YouGov,Yahoo News,11/20/2025,11/24/2025,1131.0, RV,0.1699167,0.0,,43.0,40.0,3.0,44.95691,41.48661,3.470299,"https://www.scribd.com/document/955905163/Yahoo-YouGov-Politics-Poll-November-2025#content=query:election,pageNum:2,indexOnPage:0,bestMatch:false",11/28/2025,23:00:38 29 Sep 2026,9/29/2026,,,900905,907961,29sep2026
All polls,YouGov,Economist,11/21/2025,11/24/2025,1511.0, RV,0.1909047,0.0,,44.0,39.0,5.0,45.95691,40.48661,5.470299,https://d3nkl3psvxxpe9.cloudfront.net/documents/econTabReport_uZaQqtv.pdf,11/25/2025,23:00:38 29 Sep 2026,9/29/2026,,,900900,907942,29sep2026
All polls,McLaughlin & Associates,,11/17/2025,11/24/2025,1000.0, LV,0.3746423,0.0,,45.0,44.0,1.0,46.5128,42.18839,4.324409,https://mclaughlinonline.com/pols/wp-content/uploads/2025/11/National-November-Presentation-RELEASE-11-25-25-1.pdf,11/28/2025,23:00:38 29 Sep 2026,9/29/2026,,,90797,907971,29sep2026
All polls,Morning Consult,,11/21/2025,11/23/2025,2200.0, RV,0.0460281,0.0,,45.0,43.0,2.0,46.83125,42.41994,4.411308,https://pro.morningconsult.com/trackers/donald-trump-congress-policy-republicans-polling,11/25/2025,23:00:38 29 Sep 2026,9/29/2026,,,900898,907921,29sep2026
All polls,Morning Consult,,11/17/2025,11/23/2025,19675.0, RV,0.1103924,0.0,,43.7,42.11,1.59,45.53125,41.52994,4.001308,https://pro.morningconsult.com/trackers/2026-midterm-election-generic-ballot-polls,12/15/2025,23:00:38 29 Sep 2026,9/29/2026,,,90876,908751,29sep2026
All polls,Rasmussen Reports,,11/18/2025,11/23/2025,2410.0, LV,1.250664,0.0,,45.0,42.0,3.0,46.09195,41.78631,4.305641,https://www.rasmussenreports.com/public_content/politics/mood_of_america/generic_congressional_ballot_dec03,12/3/2025,23:00:38 29 Sep 2026,9/29/2026,,REP,90801,908011,29sep2026
All polls,Morning Consult,,10/31/2025,11/2/2025,2202.0, RV,0.046549,0.0,,45.0,42.0,3.0,46.83125,41.41994,5.411308,https://pro.morningconsult.com/trackers/donald-trump-congress-policy-republicans-polling,11/12/2025,23:00:38 29 Sep 2026,9/29/2026,,,900848,907671,29sep2026
All polls,Morning Consult,,10/26/2025,11/2/2025,22207.0, RV,0.1175398,0.0,,43.25,42.9,0.3499985,45.08125,42.31994,2.761311,https://pro.morningconsult.com/trackers/2026-midterm-election-generic-ballot-polls,12/15/2025,23:00:38 29 Sep 2026,9/29/2026,,,90873,908721,29sep2026
All polls,Echelon Insights,,11/13/2025,11/17/2025,1051.0, LV,0.9378861,0.0,,49.0,45.0,4.0,47.81993,42.52382,5.296112,https://echelonin.wpenginepowered.com/wp-content/uploads/November-2025-Voter-Omnibus-Topline-External.pdf,11/18/2025,23:00:38 29 Sep 2026,9/29/2026,,,900880,907841,29sep2026
All polls,The Winston Group,Winning the Issues,11/15/2025,11/17/2025,1000.0, RV,0.8928603,0.0,,47.0,42.0,5.0,47.10452,41.74477,5.359749,https://www.winningtheissues.org/2025/12/31/2025-winning-the-issues-research/,2/27/2026,23:00:38 29 Sep 2026,9/29/2026,,REP,901149,9011492,29sep2026
All polls,Ipsos,Reuters,11/14/2025,11/17/2025,818.0, RV,0.2625837,0.0,,40.0,39.0,1.0,44.97495,42.39795,2.577,https://www.reuters.com/data/which-party-do-americans-want-run-congress-2025-11-05/,12/15/2025,23:00:38 29 Sep 2026,9/29/2026,,,900883,908141,29sep2026
All polls,YouGov,Economist,11/15/2025,11/17/2025,1382.0, RV,0.1835257,0.0,,43.0,40.0,3.0,44.95691,41.48661,3.470299,https://d3nkl3psvxxpe9.cloudfront.net/documents/econTabReport_Hb6uOe2.pdf,11/18/2025,23:00:38 29 Sep 2026,9/29/2026,,,900879,907832,29sep2026
All polls,The Argument/Verasight,,11/10/2025,11/17/2025,1508.0, RV,0.6865417,0.0,,53.0,47.0,6.0,49.74769,43.63861,6.109077,https://www.theargumentmag.com/p/2026-is-looking-terrible-for-republicans#footnote-1-179372962,11/19/2025,23:00:38 29 Sep 2026,9/29/2026,,,900888,907881,29sep2026
All polls,Morning Consult,,11/10/2025,11/16/2025,21313.0, RV,0.1140335,0.0,,43.93,42.52,1.41,45.76125,41.93994,3.821308,https://pro.morningconsult.com/trackers/2026-midterm-election-generic-ballot-polls,12/15/2025,23:00:38 29 Sep 2026,9/29/2026,,,90875,908741,29sep2026
All polls,Morning Consult,,11/14/2025,11/16/2025,2201.0, RV,0.0460215,0.0,,46.0,44.0,2.0,47.83125,43.41994,4.411308,https://pro.morningconsult.com/trackers/donald-trump-congress-policy-republicans-polling,11/17/2025,23:00:38 29 Sep 2026,9/29/2026,,,900877,907821,29sep2026
All polls,Verasight,Strength in Numbers,11/12/2025,11/14/2025,860.0, LV,0.5305996,0.0,,49.0,45.0,4.0,47.17691,44.83598,2.340931,https://www.gelliottmorris.com/p/new-poll-democrats-lead-the-2026,11/18/2025,23:00:38 29 Sep 2026,9/29/2026,,,900881,907853,29sep2026
All polls,High Point University Survey Research Center,,11/10/2025,11/14/2025,837.0, RV,0.8533396,0.0,,48.0,39.0,9.0,47.74388,39.73243,8.011452,https://www.highpoint.edu/src/files/2023/08/HPUPoll-115-and-116-Registered-Voters.pdf,12/15/2025,23:00:38 29 Sep 2026,9/29/2026,,,900901,908101,29sep2026
All polls,Marist University,NPR | PBS News,11/10/2025,11/13/2025,1291.0, RV,1.208359,0.0,,55.0,41.0,14.0,52.39027,40.89813,11.49214,https://maristpoll.marist.edu/polls/a-look-to-the-2026-midterms-november-2025/,11/19/2025,23:00:38 29 Sep 2026,9/29/2026,,,900884,907861,29sep2026
All polls,Marquette University Law School,,11/5/2025,11/12/2025,602.0, LV,1.258381,0.0,,53.0,44.0,9.0,50.50988,42.43956,8.07032,https://law.marquette.edu/poll/2025/11/18/detailed-results-of-the-marquette-law-school-supreme-court-poll-nov-5-12-2025-national-issues/,11/19/2025,23:00:38 29 Sep 2026,9/29/2026,,,900885,907873,29sep2026
All polls,Ipsos,Reuters,11/7/2025,11/12/2025,938.0, RV,0.2738039,0.0,,38.0,36.0,2.0,42.97495,39.39795,3.577,https://www.reuters.com/data/which-party-do-americans-want-run-congress-2025-11-05/,12/15/2025,23:00:38 29 Sep 2026,9/29/2026,,,900870,908151,29sep2026
All polls,Yale University Institution for Social and Policy Studies,,10/29/2025,11/11/2025,3426.0, RV,1.031361,0.0,,45.0,43.0,2.0,45.90672,42.91649,2.990231,https://youthpoll.yale.edu/fall-2025-results,12/15/2025,23:00:38 29 Sep 2026,9/29/2026,,,900924,908091,29sep2026
All polls,Survey160,,11/6/2025,11/10/2025,1513.0, RV,0.8171551,0.0,,46.0,39.0,7.0,46.14676,41.05308,5.093678,https://www.survey160.com/methodological-research-blog/survey-160-tracking-poll-november-2025-update,12/5/2025,23:00:38 29 Sep 2026,9/29/2026,,,900920,908051,29sep2026
All polls,YouGov Blue,,11/7/2025,11/10/2025,517.0, RV,0.6907277,0.0,,48.0,45.0,3.0,47.76787,44.487,3.280872,https://www.the-downballot.com/p/new-poll-shows-democrats-best-path,11/13/2025,23:00:38 29 Sep 2026,9/29/2026,,,90776,907761,29sep2026
All polls,Change Research,,11/6/2025,11/10/2025,1572.0, RV,0.489607,0.0,,47.0,43.0,4.0,48.51202,43.51713,4.994888,https://portal.changeresearch.com/portal/projects/f8ad986a-d2e5-4fb6-a21f-63b6b92c2998,5/5/2026,23:00:38 29 Sep 2026,9/29/2026,,,901424,9014242,29sep2026
All polls,YouGov,The Economist,11/7/2025,11/10/2025,1499.0, RV,0.1879188,0.0,,46.0,39.0,7.0,47.95691,40.48661,7.470299,https://d3nkl3psvxxpe9.cloudfront.net/documents/econTabReport_EAdEA3C.pdf,11/12/2025,23:00:38 29 Sep 2026,9/29/2026,,,90771,907712,29sep2026
All polls,Cygnal,,10/7/2025,10/8/2025,1500.0, LV,1.223237,0.0,,47.5,45.3,2.200001,46.46333,43.46633,2.996998,https://www.cygn.al/poll-42-of-liberals-approve-of-law-breaking-in-response-to-disagreeing-with-a-government-action/,11/12/2025,23:00:38 29 Sep 2026,9/29/2026,,,90748,907481,29sep2026
All polls,Ipsos,Reuters,10/3/2025,10/7/2025,864.0, RV,0.2843603,0.0,,41.0,38.0,3.0,45.97495,41.39795,4.577,https://www.reuters.com/data/which-party-do-americans-want-run-congress-2025-11-05/,12/15/2025,23:00:38 29 Sep 2026,9/29/2026,,,900784,908181,29sep2026
All polls,Noble Predictive Insights,Center Square,10/2/2025,10/6/2025,2565.0, RV,1.454739,0.0,,45.0,43.0,2.0,45.90514,42.86185,3.043289,https://www.thecentersquare.com/image_f6c02a7b-df0a-426c-b38e-7825e2b1cec6.html,11/13/2025,23:00:38 29 Sep 2026,9/29/2026,,,900793,907731,29sep2026
All polls,YouGov,The Economist,10/4/2025,10/6/2025,1490.0, RV,0.1848564,0.0,,44.0,39.0,5.0,45.95691,40.48661,5.470299,https://today.yougov.com/politics/articles/53131-government-shutdown-2026-congressional-election-donald-trump-job-approval-the-economy-october-4-6-2025-economist-yougov-poll,10/6/2025,23:00:38 29 Sep 2026,9/29/2026,,,90747,223055,29sep2026
All polls,Change Research,,9/28/2025,10/6/2025,1596.0, RV,0.506948,0.0,,46.0,42.0,4.0,47.51202,42.51713,4.994888,https://portal.changeresearch.com/portal/projects/0326caf4-1de0-4774-8b12-23385ba6d752,5/5/2026,23:00:38 29 Sep 2026,9/29/2026,,,901423,9014232,29sep2026
All polls,Morning Consult,,9/29/2025,10/5/2025,21493.0, RV,0.1234758,0.0,,43.89,43.29,0.5999985,45.72124,42.70994,3.011299,https://pro.morningconsult.com/trackers/2026-midterm-election-generic-ballot-polls,12/15/2025,23:00:38 29 Sep 2026,9/29/2026,,,90869,908681,29sep2026
All polls,Morning Consult,,10/3/2025,10/5/2025,2200.0, RV,0.0494075,0.0,,46.0,43.0,3.0,47.83125,42.41994,5.411308,https://pro.morningconsult.com/analysis/government-shutdown-polling-october-2025,10/5/2025,23:00:38 29 Sep 2026,9/29/2026,,,900777,223046,29sep2026
All polls,RMG Research,Napolitan Institute,10/27/2025,10/30/2025,2000.0, RV,0.6892818,0.0,,42.0,43.0,-1.0,42.35441,40.39907,1.955338,https://napolitannews.org/posts/generic-ballot-gop-43-percent-dem-42,11/12/2025,23:00:38 29 Sep 2026,9/29/2026,,,90766,907661,29sep2026
All polls,CNN/SSRS,,10/27/2025,10/30/2025,954.0, RV,0.634336,0.0,,47.0,42.0,5.0,46.84424,41.7323,5.111938,https://s3.documentcloud.org/documents/26211915/cnn-poll-trump-midterms-east-wing-parties.pdf,11/13/2025,23:00:38 29 Sep 2026,9/29/2026,,,900846,907751,29sep2026
All polls,Verasight,Strength In Numbers,10/24/2025,10/29/2025,1352.0, RV,0.5022969,0.0,,49.0,41.0,8.0,47.17691,40.83598,6.340931,https://www.gelliottmorris.com/p/new-poll-voters-want-democrats-to,11/12/2025,23:00:38 29 Sep 2026,9/29/2026,,,90765,9076511,29sep2026
All polls,NewsNation,,10/27/2025,10/29/2025,1158.0, LV,1.02405,0.0,,47.0,47.0,0.0,47.00562,46.65121,0.3544083,https://www.newsnationnow.com/polls/full-poll-results-newsnation-national-survey-trump/,11/12/2025,23:00:38 29 Sep 2026,9/29/2026,,,900843,907642,29sep2026
All polls,Ipsos,The Washington Post | ABC News,10/24/2025,10/28/2025,2203.0, RV,0.3755651,0.0,,46.0,44.0,2.0,50.97495,47.39795,3.577,https://www.washingtonpost.com/documents/1d305cca-df33-44a8-ba8d-c98790a67f99.pdf?itid=lk_inline_manual_4,11/12/2025,23:00:38 29 Sep 2026,9/29/2026,,,900842,907632,29sep2026
All polls,Hart Research Associates/Public Opinion Strategies,NBC News,10/24/2025,10/28/2025,1000.0, RV,0.9381177,0.0,,50.0,42.0,8.0,48.61833,40.06536,8.552967,https://pos.org/wp-content/uploads/2025/11/NBC-News-October-2025-Poll-11-02-2025-Release.pdf,11/22/2025,23:00:38 29 Sep 2026,9/29/2026,,,900841,907911,29sep2026
All polls,McLaughlin & Associates,,10/21/2025,10/27/2025,1000.0, RV,0.3166469,0.0,,44.0,46.0,-2.0,45.5128,44.18839,1.324409,https://mclaughlinonline.com/pols/wp-content/uploads/2025/10/National-October-Presentation-RELEASE.pdf,11/12/2025,23:00:38 29 Sep 2026,9/29/2026,,,90760,907601,29sep2026
All polls,YouGov,The Economist,10/24/2025,10/27/2025,1472.0, RV,0.1827361,0.0,,43.0,40.0,3.0,44.95691,41.48661,3.470299,https://d3nkl3psvxxpe9.cloudfront.net/documents/econTabReport_0AkNOQp.pdf,11/12/2025,23:00:38 29 Sep 2026,9/29/2026,,,90762,907622,29sep2026
All polls,YouGov,Yahoo News,10/23/2025,10/27/2025,1197.0, RV,0.1681205,0.0,,45.0,40.0,5.0,46.95691,41.48661,5.470299,https://www.scribd.com/document/940273112/Yahoo-YouGov-Shutdown-Poll-October-2025,11/12/2025,23:00:38 29 Sep 2026,9/29/2026,,,900830,907612,29sep2026
All polls,Ipsos,Reuters,10/24/2025,10/26/2025,805.0, RV,0.249689,0.0,,41.0,40.0,1.0,45.97495,43.39795,2.577,https://www.reuters.com/data/which-party-do-americans-want-run-congress-2025-11-05/,12/15/2025,23:00:38 29 Sep 2026,9/29/2026,,,900831,908161,29sep2026
All polls,Morning Consult,,10/20/2025,10/26/2025,21290.0, RV,0.1171112,0.0,,43.71,41.77,1.939999,45.54124,41.18994,4.351299,https://pro.morningconsult.com/trackers/2026-midterm-election-generic-ballot-polls,12/15/2025,23:00:38 29 Sep 2026,9/29/2026,,,90872,908711,29sep2026
All polls,Morning Consult,,10/24/2025,10/26/2025,2202.0, RV,0.0471286,0.0,,45.0,42.0,3.0,46.83125,41.41994,5.411308,https://pro.morningconsult.com/trackers/donald-trump-congress-policy-republicans-polling,11/12/2025,23:00:38 29 Sep 2026,9/29/2026,,,900826,907591,29sep2026
All polls,The Winston Group,Winning the Issues,10/15/2025,10/26/2025,1000.0, RV,0.8905156,0.0,,47.0,43.0,4.0,47.10452,42.74477,4.359749,https://www.winningtheissues.org/2025/12/31/2025-winning-the-issues-research/,2/27/2026,23:00:38 29 Sep 2026,9/29/2026,,REP,901148,9011482,29sep2026
All polls,Manhattan Institute,,10/15/2025,10/26/2025,500.0, RV,0.6818506,0.0,,47.0,44.0,3.0,47.13702,43.4693,3.667721,https://manhattan.institute/article/the-new-gop-survey-analysis-of-americans-overall-todays-republican-coalition-and-the-minorities-of-maga,12/4/2025,23:00:38 29 Sep 2026,9/29/2026,,,90803,908031,29sep2026
All polls,Clarity Campaign Labs,,10/16/2025,10/23/2025,1047.0, RV,0.7168939,0.0,,47.0,46.0,1.0,45.61919,44.91867,0.7005196,https://www.claritycampaigns.com/clarity-omnibus-oct-2025,11/12/2025,23:00:38 29 Sep 2026,9/29/2026,,,900836,907581,29sep2026
All polls,YouGov,The Economist,10/17/2025,10/20/2025,1447.0, RV,0.1808608,0.0,,45.0,40.0,5.0,46.95691,41.48661,5.470299,https://d3nkl3psvxxpe9.cloudfront.net/documents/econTabReport_yAo1neA.pdf,11/12/2025,23:00:38 29 Sep 2026,9/29/2026,,,90757,907572,29sep2026
All polls,Quinnipiac University,,10/16/2025,10/20/2025,1327.0, RV,1.088786,0.0,,50.0,41.0,9.0,49.17017,41.71339,7.456779,https://poll.qu.edu/poll-release?releaseid=3938,11/22/2025,23:00:38 29 Sep 2026,9/29/2026,,,900817,907891,29sep2026
All polls,Echelon Insights,,10/16/2025,10/20/2025,1010.0, LV,0.8942636,0.0,,47.0,46.0,1.0,45.81993,43.52382,2.296112,https://echeloninsights.com/in-the-news/october-2025-verified-voter-omnibus-2/,11/12/2025,23:00:38 29 Sep 2026,9/29/2026,,,900810,907561,29sep2026
All polls,YouGov,University of Massachusetts Lowell,10/16/2025,10/20/2025,1000.0, A,0.1274014,0.0,,38.0,35.0,3.0,39.95691,36.48661,3.470299,https://www.uml.edu/docs/2025-National-Oct-Highlights_tcm18-411272.pdf,11/12/2025,23:00:38 29 Sep 2026,9/29/2026,,,900834,907551,29sep2026
All polls,Ipsos,Reuters,10/15/2025,10/20/2025,3439.0, RV,0.4612963,0.0,,39.0,39.0,0.0,43.97495,42.39795,1.577,https://www.reuters.com/data/which-party-do-americans-want-run-congress-2025-11-05/,12/15/2025,23:00:38 29 Sep 2026,9/29/2026,,,900812,908171,29sep2026
All polls,Morning Consult,,10/17/2025,10/19/2025,2200.0, RV,0.0477484,0.0,,46.0,43.0,3.0,47.83125,42.41994,5.411308,https://pro.morningconsult.com/trackers/donald-trump-congress-policy-republicans-polling,11/12/2025,23:00:38 29 Sep 2026,9/29/2026,,,900806,907541,29sep2026
All polls,Morning Consult,,10/13/2025,10/19/2025,21829.0, RV,0.1198902,0.0,,44.49,42.4,2.09,46.32125,41.81994,4.501312,https://pro.morningconsult.com/trackers/2026-midterm-election-generic-ballot-polls,12/15/2025,23:00:38 29 Sep 2026,9/29/2026,,,90871,908701,29sep2026
All polls,The Argument/Verasight,,10/10/2025,10/16/2025,1530.0, RV,0.7132258,0.0,,44.0,43.0,1.0,40.74769,39.63861,1.109077,https://www.theargumentmag.com/p/the-immigration-problem-is-a-crime,11/12/2025,23:00:38 29 Sep 2026,9/29/2026,,,90753,907531,29sep2026
All polls,J.L. Partners,DailyMail.com,10/14/2025,10/15/2025,1005.0, RV,0.8367792,0.0,,43.0,37.0,6.0,43.01796,38.03605,4.981911,https://jlpartners.com/trump-tracker-october-2025,11/12/2025,23:00:38 29 Sep 2026,9/29/2026,,,90752,907521,29sep2026
All polls,Emerson College,,10/13/2025,10/14/2025,1000.0, RV,0.9134874,0.0,,43.9,42.5,1.400002,43.57714,42.95616,0.6209793,https://emersoncollegepolling.com/october-2025-poll/,11/12/2025,23:00:38 29 Sep 2026,9/29/2026,,,900800,907511,29sep2026
All polls,YouGov,The Economist,10/10/2025,10/13/2025,1466.0, RV,0.1825656,0.0,,43.0,40.0,3.0,44.95691,41.48661,3.470299,https://d3nkl3psvxxpe9.cloudfront.net/documents/econTabReport_GAAzhe0.pdf,11/12/2025,23:00:38 29 Sep 2026,9/29/2026,,,90750,907502,29sep2026
All polls,Morning Consult,,10/10/2025,10/12/2025,2202.0, RV,0.0485117,0.0,,46.0,43.0,3.0,47.83125,42.41994,5.411308,https://pro.morningconsult.com/trackers/donald-trump-congress-policy-republicans-polling,11/12/2025,23:00:38 29 Sep 2026,9/29/2026,,,900790,907491,29sep2026
All polls,Hart Research Associates/Public Opinion Strategies,CNBC,10/8/2025,10/12/2025,800.0, RV,0.8672947,0.0,,48.0,47.0,1.0,46.61833,45.06536,1.552967,https://fm.cnbc.com/applications/cnbc.com/resources/editorialfiles/2025/10/17/CNBC_All-America_Economic_Survey_Q3_2025.pdf,11/22/2025,23:00:38 29 Sep 2026,9/29/2026,,,900802,907901,29sep2026
All polls,Morning Consult,,10/6/2025,10/12/2025,21246.0, RV,0.1205411,0.0,,44.39,42.71,1.68,46.22124,42.12994,4.091301,https://pro.morningconsult.com/trackers/2026-midterm-election-generic-ballot-polls,12/15/2025,23:00:38 29 Sep 2026,9/29/2026,,,90870,908691,29sep2026
All polls,RMG Research,Napolitan News Service,1/5/2026,1/8/2026,2000.0, RV,0.6722823,0.0,,47.0,46.0,1.0,47.35441,43.39907,3.955338,https://napolitannews.org/posts/generic-ballot-gop-43-percent-dem-44,1/12/2026,23:00:38 29 Sep 2026,9/29/2026,,,901006,9010061,29sep2026
All polls,Cygnal,,1/7/2026,1/8/2026,1500.0, LV,1.095173,0.0,,48.2,44.6,3.600002,47.16333,42.76633,4.396999,https://www.cygn.al/polls/january-2026-national-voter-trends-nvt-poll/,1/15/2026,23:00:38 29 Sep 2026,9/29/2026,,,901019,9010192,29sep2026
All polls,YouGov,Economist,1/2/2026,1/5/2026,1389.0, RV,0.1850905,0.0,,45.0,39.0,6.0,46.95691,40.48661,6.470299,https://d3nkl3psvxxpe9.cloudfront.net/documents/econTabReport_aY8mpiN.pdf,1/6/2026,23:00:38 29 Sep 2026,9/29/2026,,,900996,9009964,29sep2026
All polls,Morning Consult,,12/29/2025,1/4/2026,22709.0, A,0.0980671,0.0,,44.0,42.0,2.0,45.83125,41.41994,4.411308,https://pro.morningconsult.com/trackers/2026-midterm-election-generic-ballot-polls,1/5/2026,23:00:38 29 Sep 2026,9/29/2026,,,900993,9009931,29sep2026
All polls,Morning Consult,,1/2/2026,1/4/2026,2201.0, RV,0.0459474,0.0,,45.0,42.0,3.0,46.83125,41.41994,5.411308,https://pro.morningconsult.com/trackers/donald-trump-congress-policy-republicans-polling,1/6/2026,23:00:38 29 Sep 2026,9/29/2026,,,900995,9009952,29sep2026
All polls,Public Policy Polling,,1/29/2026,1/30/2026,652.0, RV,0.7478946,0.0,,48.0,41.0,7.0,47.52607,41.20086,6.325211,https://e1.nmcdn.io/assets/ppp/wp-content/uploads/2026/01/January2026NationalSurvey.pdf,2/1/2026,23:00:38 29 Sep 2026,9/29/2026,,,901066,9010662,29sep2026
All polls,HarrisX,Harvard CAPS,1/28/2026,1/29/2026,1508.0, LV,0.6952086,0.0,,49.5,46.0,3.5,48.27025,41.766,6.50425,https://harvardharrispoll.com/key-results-january-6/,2/2/2026,23:00:38 29 Sep 2026,9/29/2026,*,,901071,9010716,29sep2026
All polls,TIPP Insights,Issues & Insights,1/27/2026,1/29/2026,1126.0, RV,1.191634,0.0,,45.0,42.0,3.0,45.95798,41.79203,4.165951,https://issuesinsights.com/2026/02/16/who-leads-in-2028-presidential-race-and-in-2026-midterm-elections-ii-tipp-poll/,2/16/2026,23:00:38 29 Sep 2026,9/29/2026,,,901111,9011111,29sep2026
All polls,Cygnal,,1/27/2026,1/28/2026,1004.0, LV,0.8921397,0.0,,48.0,44.0,4.0,46.96333,42.16633,4.797001,https://www.cygn.al/wp-content/uploads/2026/02/Cygnal-Deportation-Poll-Data.pdf,2/2/2026,23:00:38 29 Sep 2026,9/29/2026,,,901070,9010701,29sep2026
All polls,Marquette University Law School,,1/21/2026,1/28/2026,577.0, LV,1.209028,0.0,,52.0,45.0,7.0,49.50988,43.43956,6.07032,https://law.marquette.edu/poll/2026/02/04/detailed-results-of-the-marquette-law-school-supreme-court-poll-jan-21-28-2025-national-issues/,2/4/2026,23:00:38 29 Sep 2026,9/29/2026,,,901078,9010785,29sep2026
All polls,McLaughlin & Associates,,1/21/2026,1/27/2026,1000.0, LV,0.3896137,0.0,,46.0,44.0,2.0,47.5128,42.18839,5.324409,https://mclaughlinonline.com/pols/wp-content/uploads/2026/02/National-January-2026-Presentation-RELEASE-1-1.pdf,2/4/2026,23:00:38 29 Sep 2026,9/29/2026,,,901081,9010811,29sep2026
All polls,The Argument/Verasight,,1/26/2026,1/27/2026,1515.0, RV,0.6625282,0.0,,52.0,48.0,4.0,48.74769,44.63861,4.109077,https://www.theargumentmag.com/p/immigration-is-turning-into-a-disaster,1/29/2026,23:00:38 29 Sep 2026,9/29/2026,,,901061,9010612,29sep2026
All polls,McLaughlin & Associates,,1/22/2025,1/27/2025,1000.0, LV,0.2878084,0.0,,40.0,48.0,-8.0,41.5128,46.18839,-4.675591,https://mclaughlinonline.com/pols/wp-content/uploads/2025/01/National-January-Presentation-RELEASE-01-28-25.pdf,1/27/2025,23:00:38 29 Sep 2026,9/29/2026,,,89530,217902,29sep2026
All polls,Focaldata,,1/23/2026,1/26/2026,1709.0, LV,0.7486621,0.0,,50.0,45.0,5.0,49.14543,44.19669,4.948742,https://www.focaldata.com/blog/cost-of-living-fuelling-democrat-strength-in-new-midterms-polling,2/16/2026,23:00:38 29 Sep 2026,9/29/2026,,,901105,9011056,29sep2026
All polls,Beacon Research/Shaw & Company Research,FOX News,1/23/2026,1/26/2026,1005.0, RV,1.134222,0.0,,52.0,46.0,6.0,50.07741,44.40751,5.669903,https://www.foxnews.com/politics/fox-news-poll-early-look-2026-midterms,1/29/2026,23:00:38 29 Sep 2026,9/29/2026,,,901058,9010582,29sep2026
All polls,Echelon Insights,,1/22/2026,1/26/2026,1029.0, LV,0.9369453,0.0,,49.0,44.0,5.0,47.81993,41.52382,6.296112,https://echelonin.wpenginepowered.com/wp-content/uploads/January-2026-Voter-Omnibus-Topline.pdf,1/26/2026,23:00:38 29 Sep 2026,9/29/2026,,,901048,9010482,29sep2026
All polls,YouGov,Economist,1/23/2026,1/26/2026,1520.0, RV,0.1842941,0.0,,43.0,38.0,5.0,44.95691,39.48661,5.470299,https://d3nkl3psvxxpe9.cloudfront.net/documents/econTabReport_8FWGyNz.pdf,1/27/2026,23:00:38 29 Sep 2026,9/29/2026,,,901051,9010514,29sep2026
All polls,Morning Consult,,1/20/2025,1/26/2025,33299.0, RV,0.2850552,0.0,,41.86,44.78,-2.919998,43.69125,44.19994,-0.5086899,https://pro.morningconsult.com/trackers/2026-midterm-election-generic-ballot-polls,12/15/2025,23:00:38 29 Sep 2026,9/29/2026,,,90833,908321,29sep2026
All polls,Ipsos,Reuters,1/24/2025,1/26/2025,902.0, RV,0.6029822,0.0,,35.0,37.0,-2.0,39.97495,40.39795,-0.4230003,https://www.reuters.com/data/which-party-do-americans-want-run-congress-2025-11-05/,12/15/2025,23:00:38 29 Sep 2026,9/29/2026,,,89522,908291,29sep2026
All polls,Ipsos,Reuters,1/23/2026,1/25/2026,1139.0, A,0.2794003,0.0,,41.0,37.0,4.0,45.97495,40.39795,5.577,https://www.reuters.com/data/trumps-approval-rating-2025-01-21/,1/26/2026,23:00:38 29 Sep 2026,9/29/2026,,,901049,9010492,29sep2026
All polls,Morning Consult,,1/19/2026,1/25/2026,24675.0, RV,0.1192214,0.0,,43.9,42.8,1.100002,45.73125,42.21994,3.511311,https://pro.morningconsult.com/trackers/2026-midterm-election-generic-ballot-polls,1/28/2026,23:00:38 29 Sep 2026,9/29/2026,,,901059,9010591,29sep2026
All polls,Morning Consult,,1/23/2026,1/25/2026,2204.0, RV,0.0453936,0.0,,45.0,43.0,2.0,46.83125,42.41994,4.411308,https://pro.morningconsult.com/trackers/donald-trump-congress-policy-republicans-polling,1/27/2026,23:00:38 29 Sep 2026,9/29/2026,,,901053,9010532,29sep2026
All polls,Clarity Campaign Labs,,1/15/2026,1/22/2026,1147.0, LV,0.9311304,0.0,,51.0,42.0,9.0,49.61919,40.91867,8.70052,https://www.claritycampaigns.com/clarity-omnibus-jan-2026,1/28/2026,23:00:38 29 Sep 2026,9/29/2026,,,901057,9010572,29sep2026
All polls,KFF,,1/13/2026,1/20/2026,1141.0, RV,1.01866,0.0,,49.0,42.0,7.0,49.58438,43.3872,6.197182,https://www.kff.org/public-opinion/kff-health-tracking-poll-health-care-costs-expiring-aca-tax-credits-and-the-2026-midterms/,1/29/2026,23:00:38 29 Sep 2026,9/29/2026,,,901062,9010621,29sep2026
All polls,Verasight,Strength in Numbers,1/14/2026,1/20/2026,1057.0, LV,0.5884699,0.0,,55.0,42.0,13.0,53.17691,41.83598,11.34093,https://www.gelliottmorris.com/p/new-poll-trump-slips-on-immigration,1/21/2026,23:00:38 29 Sep 2026,9/29/2026,,,901037,9010375,29sep2026
All polls,Change Research,,1/13/2026,1/19/2026,1348.0, RV,0.4434077,0.0,,46.0,43.0,3.0,47.51202,43.51713,3.994888,https://portal.changeresearch.com/portal/projects/45449a2d-6c0e-412f-a3e1-a053b39f12b0,5/5/2026,23:00:38 29 Sep 2026,9/29/2026,,,901426,9014262,29sep2026
All polls,YouGov,Economist,1/16/2026,1/19/2026,1549.0, RV,0.188498,0.0,,43.0,39.0,4.0,44.95691,40.48661,4.470299,https://d3nkl3psvxxpe9.cloudfront.net/documents/econTabReport_z9wtNZI.pdf,1/20/2026,23:00:38 29 Sep 2026,9/29/2026,,,901032,9010324,29sep2026
All polls,Emerson College,,1/17/2026,1/19/2026,1000.0, LV,1.054693,0.0,,48.1,41.7,6.399998,47.77714,42.15616,5.620983,https://emersoncollegepolling.com/january-2026-national-poll/,1/22/2026,23:00:38 29 Sep 2026,9/29/2026,,,901039,9010392,29sep2026
All polls,Morning Consult,,1/16/2026,1/18/2026,2201.0, RV,0.0454921,0.0,,45.0,43.0,2.0,46.83125,42.41994,4.411308,https://pro.morningconsult.com/trackers/donald-trump-congress-policy-republicans-polling,1/20/2026,23:00:38 29 Sep 2026,9/29/2026,,,901029,9010292,29sep2026
All polls,Morning Consult,,1/12/2026,1/18/2026,23758.0, RV,0.1177767,0.0,,44.0,42.6,1.400002,45.83125,42.01994,3.81131,https://pro.morningconsult.com/trackers/2026-midterm-election-generic-ballot-polls,1/19/2026,23:00:38 29 Sep 2026,9/29/2026,,,901030,9010301,29sep2026
All polls,The New York Times/Siena College,,1/12/2026,1/17/2026,1625.0, RV,1.442314,0.0,,48.0,43.0,5.0,47.27296,42.59027,4.68269,https://www.nytimes.com/interactive/2026/01/22/polls/times-siena-national-poll-toplines.html,1/22/2026,23:00:38 29 Sep 2026,9/29/2026,,,901038,9010382,29sep2026
All polls,RMG Research,Napolitan Institute,1/15/2025,1/16/2025,1000.0, RV,0.7688288,0.0,,44.0,51.0,-7.0,44.35441,48.39907,-4.044662,https://napolitannews.org/posts/generic-ballot-gop-51-percent-dem-44,1/16/2025,23:00:38 29 Sep 2026,9/29/2026,,,89497,217652,29sep2026
All polls,Research Co.,,1/13/2026,1/15/2026,1002.0, A,0.8673273,0.0,,42.0,36.0,6.0,44.4579,38.35445,6.103451,https://researchco.ca/2026/01/26/amendment/,1/26/2026,23:00:38 29 Sep 2026,9/29/2026,,,901047,9010472,29sep2026
All polls,Public Policy Polling,Progress Action Fund (hybrid PAC),1/13/2026,1/14/2026,597.0, RV,0.7154305,0.0,,50.0,42.0,8.0,48.96451,42.76242,6.202091,https://drive.google.com/file/d/1iHoieThBdqtE4vH3gDLGzOI334wGWU6_/view,2/3/2026,23:00:38 29 Sep 2026,9/29/2026,,DEM,901074,9010742,29sep2026
All polls,Rasmussen Reports,,1/7/2026,1/14/2026,2273.0, LV,1.16437,0.0,,47.0,41.0,6.0,48.09195,40.78631,7.305641,https://www.rasmussenreports.com/public_content/archive/mood_of_america_archive/generic_congressional_ballot/democrats_increase_advantage_in_midterm_forecast,1/19/2026,23:00:38 29 Sep 2026,9/29/2026,,REP,901028,901028,29sep2026
All polls,Ipsos,Reuters,1/12/2026,1/13/2026,941.0, RV,0.3207052,0.0,,40.0,38.0,2.0,44.97495,41.39795,3.577,https://www.reuters.com/data/which-party-do-americans-want-run-congress-2025-11-05/,1/14/2026,23:00:38 29 Sep 2026,9/29/2026,,,901016,9010163,29sep2026
All polls,Impact Research/National Research ,Wall Street Journal,1/8/2026,1/13/2026,1500.0, RV,0.9126564,0.0,,47.0,43.0,4.0,47.05372,43.11832,3.935398,https://www.wsj.com/politics/elections/trump-approval-rating-economy-poll-b3a62e57,1/17/2026,23:00:38 29 Sep 2026,9/29/2026,,,901024,9010242,29sep2026
All polls,YouGov,Economist,1/9/2026,1/12/2026,1437.0, RV,0.1844967,0.0,,44.0,40.0,4.0,45.95691,41.48661,4.470299,https://d3nkl3psvxxpe9.cloudfront.net/documents/econTabReport_qsNv5iE.pdf,1/13/2026,23:00:38 29 Sep 2026,9/29/2026,,,901009,9010094,29sep2026
All polls,YouGov,Yahoo News,1/8/2026,1/12/2026,1149.0, RV,0.169022,0.0,,45.0,40.0,5.0,46.95691,41.48661,5.470299,https://www.yahoo.com/news/world/article/poll-most-americans-dont-want-the-us-to-be-in-charge-of-venezuela-154611401.html?guccounter=1&guce_referrer=aHR0cHM6Ly9maWZ0eXBsdXNvbmUubmV3cy8&guce_referrer_sig=AQAAADuswAe9tXhPxz19FPFnpXDmszH_5A1WoB4vOY-7U0IjGPU3fLrwbmCyUwF8ynb_I9N0n4Rc39un9yZA5xjnYbwG42YEmutuZQ25dTi16lYuweaJ1AIGD79NFwnTA60flTfUA5IlNW9zxaBJiRd0rgTmTKbyUDqhKc0Wx3s0etNG,1/15/2026,23:00:38 29 Sep 2026,9/29/2026,,,901012,9010123,29sep2026
All polls,The Winston Group,Winning the Issues,1/8/2026,1/12/2026,1000.0, RV,0.9613449,0.0,,46.0,43.0,3.0,46.10452,42.74477,3.359749,https://www.winningtheissues.org/2026/01/27/2026-winning-the-issues-research/,2/27/2026,23:00:38 29 Sep 2026,9/29/2026,,REP,901150,9011502,29sep2026
All polls,Morning Consult,,1/9/2026,1/12/2026,2201.0, RV,0.045693,0.0,,46.0,43.0,3.0,47.83125,42.41994,5.411308,https://pro.morningconsult.com/trackers/donald-trump-congress-policy-republicans-polling,1/12/2026,23:00:38 29 Sep 2026,9/29/2026,,,901007,9010072,29sep2026
All polls,CNN/SSRS,,1/9/2026,1/12/2026,968.0, RV,0.6471591,0.0,,46.0,41.0,5.0,45.84424,40.7323,5.111938,https://www.cnn.com/2026/01/18/politics/cnn-poll-democrats-are-deeply-motivated-for-the-midterms-despite-having-dismal-views-of-party-leaders,1/18/2026,23:00:38 29 Sep 2026,9/29/2026,,,901022,9010223,29sep2026
All polls,Cygnal,,1/9/2025,1/12/2025,1500.0, LV,1.266514,0.0,,44.6,46.8,-2.200001,43.56332,44.96633,-1.403011,https://www.cygn.al/voters-back-kingmaker-trumps-policies-on-economy-energy-and-health/,1/12/2025,23:00:38 29 Sep 2026,9/29/2026,,,89491,217594,29sep2026
All polls,Morning Consult,,1/5/2026,1/11/2026,22835.0, RV,0.1164501,0.0,,44.1,42.5,1.599998,45.93124,41.91994,4.011299,https://pro.morningconsult.com/trackers/2026-midterm-election-generic-ballot-polls,1/13/2026,23:00:38 29 Sep 2026,9/29/2026,,,901010,9010101,29sep2026
All polls,The Bullfinch Group,Independent Center,12/30/2025,1/1/2026,1000.0, RV,0.5845166,0.0,,44.0,33.0,11.0,46.54018,36.587,9.953178,https://independentcentervoice.com/insights/2026-tune-in-as-america-approaches-its-250th-voters-declare-the-status-quo-broken-and-demand-new-options,1/2/2026,23:00:38 29 Sep 2026,9/29/2026,,,900988,9009884,29sep2026
